"Produto/Unidade","Mês/Ano","Preço Médio"
"ABACAXI (un)","01/2018",4.3
"ABACAXI (un)","02/2018",5.5
"ABACAXI (un)","03/2018",5.39
"ABACAXI (un)","04/2018",4.67
"ABACAXI (un)","05/2018",4.59
"ABACAXI (un)","06/2018",4.73
"ABACAXI (un)","07/2018",4.41
"ABACAXI (un)","08/2018",4.47
"ABACAXI (un)","09/2018",4.17
"ABACAXI (un)","10/2018",4.09
"ABACAXI (un)","11/2018",4.18
"ABACAXI (un)","12/2018",5.23
"ABACAXI (un)","01/2019",5.41
"ABACAXI (un)","02/2019",6.21
"AÇÚCAR CRISTAL (30 kg)","01/2018",53.1
"AÇÚCAR CRISTAL (30 kg)","02/2018",50.68
"AÇÚCAR CRISTAL (30 kg)","03/2018",49.75
"AÇÚCAR CRISTAL (30 kg)","04/2018",44.1
"AÇÚCAR CRISTAL (30 kg)","05/2018",49.1
"AÇÚCAR CRISTAL (30 kg)","06/2018",50.56
"AÇÚCAR CRISTAL (30 kg)","07/2018",48.3
"AÇÚCAR CRISTAL (30 kg)","08/2018",48.46
"AÇÚCAR CRISTAL (30 kg)","09/2018",47.25
"AÇÚCAR CRISTAL (30 kg)","10/2018",48.74
"AÇÚCAR CRISTAL (30 kg)","11/2018",50.34
"AÇÚCAR CRISTAL (30 kg)","12/2018",48.6
"AÇÚCAR CRISTAL (30 kg)","01/2019",50.94
"AÇÚCAR CRISTAL (30 kg)","02/2019",49.5
"AÇÚCAR CRISTAL (30 kg)","03/2019",51.42
"AÇÚCAR CRISTAL (30 kg)","04/2019",50.82
"AÇÚCAR CRISTAL (30 kg)","05/2019",51.84
"AÇÚCAR CRISTAL (30 kg)","06/2019",52.32
"AÇÚCAR CRISTAL (30 kg)","07/2019",52.5
"AÇÚCAR CRISTAL (30 kg)","08/2019",52.58
"AÇÚCAR CRISTAL (30 kg)","09/2019",50.46
"AÇÚCAR CRISTAL (30 kg)","10/2019",52.34
"AÇÚCAR CRISTAL (30 kg)","11/2019",51.66
"AÇÚCAR CRISTAL (30 kg)","12/2019",53.49
"AÇÚCAR CRISTAL (30 kg)","01/2020",53.31
"AÇÚCAR CRISTAL (30 kg)","02/2020",54.99
"AÇÚCAR CRISTAL (30 kg)","03/2020",55.62
"AÇÚCAR CRISTAL (30 kg)","04/2020",57.24
"AÇÚCAR CRISTAL (30 kg)","05/2020",61.16
"AÇÚCAR CRISTAL (30 kg)","06/2020",64.88
"AÇÚCAR CRISTAL (30 kg)","07/2020",67.1
"AÇÚCAR CRISTAL (30 kg)","08/2020",67.34
"AÇÚCAR CRISTAL (30 kg)","09/2020",65.94
"AÇÚCAR CRISTAL (30 kg)","10/2020",64.14
"AÇÚCAR CRISTAL (30 kg)","11/2020",66.54
"AÇÚCAR CRISTAL (30 kg)","12/2020",79.78
"AÇÚCAR CRISTAL (30 kg)","01/2021",79
"AÇÚCAR CRISTAL (30 kg)","02/2021",78.99
"AÇÚCAR CRISTAL (30 kg)","03/2021",80.48
"AÇÚCAR CRISTAL (30 kg)","04/2021",81.89
"AÇÚCAR CRISTAL (30 kg)","05/2021",91.25
"AÇÚCAR CRISTAL (30 kg)","06/2021",93.53
"AÇÚCAR CRISTAL (30 kg)","07/2021",94.37
"AÇÚCAR CRISTAL (30 kg)","08/2021",93.77
"AÇÚCAR CRISTAL (30 kg)","09/2021",97.15
"AÇÚCAR CRISTAL (30 kg)","10/2021",104.77
"AÇÚCAR CRISTAL (30 kg)","11/2021",111.11
"AÇÚCAR CRISTAL (30 kg)","12/2021",115.46
"AÇÚCAR CRISTAL (30 kg)","01/2022",116.13
"AÇÚCAR CRISTAL (30 kg)","02/2022",127.17
"AÇÚCAR CRISTAL (30 kg)","03/2022",120.41
"AÇÚCAR CRISTAL (30 kg)","04/2022",114.19
"AÇÚCAR CRISTAL (30 kg)","05/2022",113.02
"AÇÚCAR CRISTAL (30 kg)","06/2022",122.14
"AÇÚCAR CRISTAL (50 kg)","01/2018",61.48
"AÇÚCAR CRISTAL (50 kg)","02/2018",53.09
"AÇÚCAR CRISTAL (50 kg)","03/2018",51.56
"AÇÚCAR CRISTAL (50 kg)","04/2018",54.9
"AÇÚCAR CRISTAL (50 kg)","05/2018",54.48
"AÇÚCAR CRISTAL (50 kg)","06/2018",57.47
"AÇÚCAR CRISTAL (50 kg)","07/2018",55.71
"AÇÚCAR CRISTAL (50 kg)","08/2018",51.28
"AÇÚCAR CRISTAL (50 kg)","09/2018",60.41
"AÇÚCAR CRISTAL (50 kg)","10/2018",64.06
"AÇÚCAR CRISTAL (50 kg)","11/2018",67.62
"AÇÚCAR CRISTAL (50 kg)","12/2018",68.55
"AÇÚCAR CRISTAL (50 kg)","01/2019",68.89
"AÇÚCAR CRISTAL (50 kg)","02/2019",68.12
"AÇÚCAR CRISTAL (50 kg)","03/2019",67.38
"AÇÚCAR CRISTAL (50 kg)","04/2019",68.35
"AÇÚCAR CRISTAL (50 kg)","05/2019",68.96
"AÇÚCAR CRISTAL (50 kg)","06/2019",62.31
"AÇÚCAR CRISTAL (50 kg)","07/2019",59.67
"AÇÚCAR CRISTAL (50 kg)","08/2019",60.19
"AÇÚCAR CRISTAL (50 kg)","09/2019",61.04
"AÇÚCAR CRISTAL (50 kg)","10/2019",64.92
"AÇÚCAR CRISTAL (50 kg)","11/2019",65.43
"AÇÚCAR CRISTAL (50 kg)","12/2019",70.29
"AÇÚCAR CRISTAL (50 kg)","01/2020",74.37
"AÇÚCAR CRISTAL (50 kg)","02/2020",78.57
"AÇÚCAR CRISTAL (50 kg)","03/2020",78.5
"AÇÚCAR CRISTAL (50 kg)","04/2020",77.34
"AÇÚCAR CRISTAL (50 kg)","05/2020",74.72
"AÇÚCAR CRISTAL (50 kg)","06/2020",76.27
"AÇÚCAR CRISTAL (50 kg)","07/2020",77.39
"AÇÚCAR CRISTAL (50 kg)","08/2020",81.01
"AÇÚCAR CRISTAL (50 kg)","09/2020",86.58
"AÇÚCAR CRISTAL (50 kg)","10/2020",93.25
"AÇÚCAR CRISTAL (50 kg)","11/2020",105.59
"AÇÚCAR CRISTAL (50 kg)","12/2020",110.23
"ÁLCOOL ANIDRO (l)","01/2018",1.94
"ÁLCOOL ANIDRO (l)","02/2018",1.95
"ÁLCOOL ANIDRO (l)","03/2018",1.94
"ÁLCOOL ANIDRO (l)","04/2018",1.79
"ÁLCOOL ANIDRO (l)","05/2018",1.69
"ÁLCOOL ANIDRO (l)","06/2018",1.83
"ÁLCOOL ANIDRO (l)","07/2018",1.68
"ÁLCOOL ANIDRO (l)","08/2018",1.59
"ÁLCOOL ANIDRO (l)","09/2018",1.79
"ÁLCOOL ANIDRO (l)","10/2018",1.95
"ÁLCOOL ANIDRO (l)","11/2018",1.89
"ÁLCOOL ANIDRO (l)","12/2018",1.81
"ÁLCOOL ANIDRO (l)","01/2019",1.8
"ÁLCOOL ANIDRO (l)","02/2019",1.76
"ÁLCOOL ANIDRO (l)","03/2019",1.89
"ÁLCOOL ANIDRO (l)","04/2019",1.93
"ÁLCOOL ANIDRO (l)","05/2019",1.96
"ÁLCOOL ANIDRO (l)","06/2019",1.86
"ÁLCOOL ANIDRO (l)","07/2019",1.85
"ÁLCOOL ANIDRO (l)","08/2019",1.93
"ÁLCOOL ANIDRO (l)","09/2019",1.88
"ÁLCOOL ANIDRO (l)","10/2019",1.96
"ÁLCOOL ANIDRO (l)","11/2019",2.07
"ÁLCOOL ANIDRO (l)","12/2019",2.17
"ÁLCOOL ANIDRO (l)","01/2020",2.24
"ÁLCOOL ANIDRO (l)","02/2020",2.27
"ÁLCOOL ANIDRO (l)","03/2020",2.18
"ÁLCOOL ANIDRO (l)","04/2020",1.63
"ÁLCOOL ANIDRO (l)","05/2020",1.54
"ÁLCOOL ANIDRO (l)","06/2020",1.8
"ÁLCOOL ANIDRO (l)","07/2020",1.85
"ÁLCOOL ANIDRO (l)","08/2020",1.92
"ÁLCOOL ANIDRO (l)","09/2020",2.08
"ÁLCOOL ANIDRO (l)","10/2020",2.26
"ÁLCOOL ANIDRO (l)","11/2020",2.42
"ÁLCOOL ANIDRO (l)","12/2020",2.41
"ÁLCOOL ANIDRO (l)","01/2021",2.41
"ÁLCOOL ANIDRO (l)","02/2021",2.53
"ÁLCOOL ANIDRO (l)","03/2021",2.97
"ÁLCOOL ANIDRO (l)","04/2021",2.74
"ÁLCOOL ANIDRO (l)","05/2021",3.31
"ÁLCOOL ANIDRO (l)","06/2021",3.39
"ÁLCOOL ANIDRO (l)","07/2021",3.33
"ÁLCOOL ANIDRO (l)","08/2021",3.56
"ÁLCOOL ANIDRO (l)","09/2021",3.81
"ÁLCOOL ANIDRO (l)","10/2021",3.91
"ÁLCOOL ANIDRO (l)","11/2021",4.42
"ÁLCOOL ANIDRO (l)","12/2021",3.92
"ÁLCOOL ANIDRO (l)","01/2022",3.83
"ÁLCOOL ANIDRO (l)","02/2022",3.38
"ÁLCOOL ANIDRO (l)","03/2022",3.43
"ÁLCOOL ANIDRO (l)","04/2022",4.02
"ÁLCOOL ANIDRO (l)","05/2022",3.93
"ÁLCOOL ANIDRO (l)","06/2022",3.61
"ÁLCOOL HIDRATADO (l)","01/2018",1.83
"ÁLCOOL HIDRATADO (l)","02/2018",1.85
"ÁLCOOL HIDRATADO (l)","03/2018",1.88
"ÁLCOOL HIDRATADO (l)","04/2018",1.62
"ÁLCOOL HIDRATADO (l)","05/2018",1.54
"ÁLCOOL HIDRATADO (l)","06/2018",1.64
"ÁLCOOL HIDRATADO (l)","07/2018",1.48
"ÁLCOOL HIDRATADO (l)","08/2018",1.41
"ÁLCOOL HIDRATADO (l)","09/2018",1.66
"ÁLCOOL HIDRATADO (l)","10/2018",1.78
"ÁLCOOL HIDRATADO (l)","11/2018",1.68
"ÁLCOOL HIDRATADO (l)","12/2018",1.66
"ÁLCOOL HIDRATADO (l)","01/2019",1.63
"ÁLCOOL HIDRATADO (l)","02/2019",1.64
"ÁLCOOL HIDRATADO (l)","03/2019",1.84
"ÁLCOOL HIDRATADO (l)","04/2019",1.68
"ÁLCOOL HIDRATADO (l)","05/2019",1.68
"ÁLCOOL HIDRATADO (l)","06/2019",1.62
"ÁLCOOL HIDRATADO (l)","07/2019",1.65
"ÁLCOOL HIDRATADO (l)","08/2019",1.73
"ÁLCOOL HIDRATADO (l)","09/2019",1.7
"ÁLCOOL HIDRATADO (l)","10/2019",1.79
"ÁLCOOL HIDRATADO (l)","11/2019",1.88
"ÁLCOOL HIDRATADO (l)","12/2019",1.99
"ÁLCOOL HIDRATADO (l)","01/2020",2.05
"ÁLCOOL HIDRATADO (l)","02/2020",2.11
"ÁLCOOL HIDRATADO (l)","03/2020",1.96
"ÁLCOOL HIDRATADO (l)","04/2020",1.39
"ÁLCOOL HIDRATADO (l)","05/2020",1.38
"ÁLCOOL HIDRATADO (l)","06/2020",1.62
"ÁLCOOL HIDRATADO (l)","07/2020",1.62
"ÁLCOOL HIDRATADO (l)","08/2020",1.69
"ÁLCOOL HIDRATADO (l)","09/2020",1.79
"ÁLCOOL HIDRATADO (l)","10/2020",1.94
"ÁLCOOL HIDRATADO (l)","11/2020",2.06
"ÁLCOOL HIDRATADO (l)","12/2020",2.05
"ÁLCOOL HIDRATADO (l)","01/2021",2.07
"ÁLCOOL HIDRATADO (l)","02/2021",2.26
"ÁLCOOL HIDRATADO (l)","03/2021",2.75
"ÁLCOOL HIDRATADO (l)","04/2021",2.47
"ÁLCOOL HIDRATADO (l)","05/2021",2.89
"ÁLCOOL HIDRATADO (l)","06/2021",2.92
"ÁLCOOL HIDRATADO (l)","07/2021",2.9
"ÁLCOOL HIDRATADO (l)","08/2021",3.08
"ÁLCOOL HIDRATADO (l)","09/2021",3.24
"ÁLCOOL HIDRATADO (l)","10/2021",3.4
"ÁLCOOL HIDRATADO (l)","11/2021",3.8
"ÁLCOOL HIDRATADO (l)","12/2021",3.39
"ÁLCOOL HIDRATADO (l)","01/2022",3.34
"ÁLCOOL HIDRATADO (l)","02/2022",2.94
"ÁLCOOL HIDRATADO (l)","03/2022",3.11
"ÁLCOOL HIDRATADO (l)","04/2022",3.64
"ÁLCOOL HIDRATADO (l)","05/2022",3.38
"ÁLCOOL HIDRATADO (l)","06/2022",3.09
"ÁLCOOL OUTROS FINS (l)","01/2018",1.82
"ÁLCOOL OUTROS FINS (l)","02/2018",1.87
"ÁLCOOL OUTROS FINS (l)","03/2018",1.87
"ÁLCOOL OUTROS FINS (l)","04/2018",1.66
"ÁLCOOL OUTROS FINS (l)","05/2018",1.56
"ÁLCOOL OUTROS FINS (l)","06/2018",1.67
"ÁLCOOL OUTROS FINS (l)","07/2018",1.49
"ÁLCOOL OUTROS FINS (l)","08/2018",1.43
"ÁLCOOL OUTROS FINS (l)","09/2018",1.65
"ÁLCOOL OUTROS FINS (l)","10/2018",1.8
"ÁLCOOL OUTROS FINS (l)","11/2018",1.72
"ÁLCOOL OUTROS FINS (l)","12/2018",1.69
"ÁLCOOL OUTROS FINS (l)","01/2019",1.66
"ÁLCOOL OUTROS FINS (l)","02/2019",1.64
"ÁLCOOL OUTROS FINS (l)","03/2019",1.86
"ÁLCOOL OUTROS FINS (l)","04/2019",1.79
"ÁLCOOL OUTROS FINS (l)","05/2019",1.71
"ÁLCOOL OUTROS FINS (l)","06/2019",1.66
"ÁLCOOL OUTROS FINS (l)","07/2019",1.67
"ÁLCOOL OUTROS FINS (l)","08/2019",1.76
"ÁLCOOL OUTROS FINS (l)","09/2019",1.74
"ÁLCOOL OUTROS FINS (l)","10/2019",1.8
"ÁLCOOL OUTROS FINS (l)","11/2019",1.89
"ÁLCOOL OUTROS FINS (l)","12/2019",2
"ÁLCOOL OUTROS FINS (l)","01/2020",2.08
"ÁLCOOL OUTROS FINS (l)","02/2020",2.15
"ÁLCOOL OUTROS FINS (l)","03/2020",2.07
"ÁLCOOL OUTROS FINS (l)","04/2020",1.54
"ÁLCOOL OUTROS FINS (l)","05/2020",1.45
"ÁLCOOL OUTROS FINS (l)","06/2020",1.64
"ÁLCOOL OUTROS FINS (l)","07/2020",1.64
"ÁLCOOL OUTROS FINS (l)","08/2020",1.71
"ÁLCOOL OUTROS FINS (l)","09/2020",1.85
"ÁLCOOL OUTROS FINS (l)","10/2020",1.96
"ÁLCOOL OUTROS FINS (l)","11/2020",2.09
"ÁLCOOL OUTROS FINS (l)","12/2020",2.1
"ÁLCOOL OUTROS FINS (l)","01/2021",2.12
"ÁLCOOL OUTROS FINS (l)","02/2021",2.27
"ÁLCOOL OUTROS FINS (l)","03/2021",2.83
"ÁLCOOL OUTROS FINS (l)","04/2021",2.51
"ÁLCOOL OUTROS FINS (l)","05/2021",2.95
"ÁLCOOL OUTROS FINS (l)","06/2021",3.01
"ÁLCOOL OUTROS FINS (l)","07/2021",2.98
"ÁLCOOL OUTROS FINS (l)","08/2021",3.14
"ÁLCOOL OUTROS FINS (l)","09/2021",3.3
"ÁLCOOL OUTROS FINS (l)","10/2021",3.43
"ÁLCOOL OUTROS FINS (l)","11/2021",3.57
"ÁLCOOL OUTROS FINS (l)","12/2021",3.49
"ÁLCOOL OUTROS FINS (l)","01/2022",3.41
"ÁLCOOL OUTROS FINS (l)","02/2022",3.04
"ÁLCOOL OUTROS FINS (l)","03/2022",3.23
"ÁLCOOL OUTROS FINS (l)","04/2022",3.76
"ÁLCOOL OUTROS FINS (l)","05/2022",3.54
"ÁLCOOL OUTROS FINS (l)","06/2022",3.21
"ALHO (kg)","01/2018",13.12
"ALHO (kg)","02/2018",13.05
"ALHO (kg)","03/2018",14.34
"ALHO (kg)","04/2018",13.82
"ALHO (kg)","05/2018",15.63
"ALHO (kg)","06/2018",18.69
"ALHO (kg)","07/2018",15.08
"ALHO (kg)","08/2018",12.4
"ALHO (kg)","09/2018",13
"ALHO (kg)","10/2018",13.03
"ALHO (kg)","11/2018",12.27
"ALHO (kg)","12/2018",13.2
"ALHO (kg)","01/2019",13.19
"ALHO (kg)","02/2019",13.52
"ARROZ BENEFICIADO (A) PARBOILIZADO LONGO FINO (30 kg)","01/2018",71.1
"ARROZ BENEFICIADO (A) PARBOILIZADO LONGO FINO (30 kg)","02/2018",76.34
"ARROZ BENEFICIADO (A) PARBOILIZADO LONGO FINO (30 kg)","03/2018",79.7
"ARROZ BENEFICIADO (A) PARBOILIZADO LONGO FINO (30 kg)","04/2018",69.86
"ARROZ BENEFICIADO (A) PARBOILIZADO LONGO FINO (30 kg)","05/2018",77.72
"ARROZ BENEFICIADO (A) PARBOILIZADO LONGO FINO (30 kg)","06/2018",71.06
"ARROZ BENEFICIADO (A) PARBOILIZADO LONGO FINO (30 kg)","07/2018",76.31
"ARROZ BENEFICIADO (A) PARBOILIZADO LONGO FINO (30 kg)","08/2018",83.06
"ARROZ BENEFICIADO (A) PARBOILIZADO LONGO FINO (30 kg)","09/2018",75.7
"ARROZ BENEFICIADO (A) PARBOILIZADO LONGO FINO (30 kg)","10/2018",77.71
"ARROZ BENEFICIADO (A) PARBOILIZADO LONGO FINO (30 kg)","11/2018",74.72
"ARROZ BENEFICIADO (A) PARBOILIZADO LONGO FINO (30 kg)","12/2018",76.8
"ARROZ BENEFICIADO (A) PARBOILIZADO LONGO FINO (30 kg)","01/2019",89.06
"ARROZ BENEFICIADO (A) PARBOILIZADO LONGO FINO (30 kg)","02/2019",82.98
"ARROZ BENEFICIADO (A) PARBOILIZADO LONGO FINO (30 kg)","03/2019",79.68
"ARROZ BENEFICIADO (A) PARBOILIZADO LONGO FINO (30 kg)","04/2019",80.31
"ARROZ BENEFICIADO (A) PARBOILIZADO LONGO FINO (30 kg)","05/2019",81.72
"ARROZ BENEFICIADO (A) PARBOILIZADO LONGO FINO (30 kg)","06/2019",86.82
"ARROZ BENEFICIADO (A) PARBOILIZADO LONGO FINO (30 kg)","07/2019",86.82
"ARROZ BENEFICIADO (A) PARBOILIZADO LONGO FINO (30 kg)","08/2019",81.78
"ARROZ BENEFICIADO (A) PARBOILIZADO LONGO FINO (30 kg)","09/2019",85.86
"ARROZ BENEFICIADO (A) PARBOILIZADO LONGO FINO (30 kg)","10/2019",78.76
"ARROZ BENEFICIADO (A) PARBOILIZADO LONGO FINO (30 kg)","11/2019",74.02
"ARROZ BENEFICIADO (A) PARBOILIZADO LONGO FINO (30 kg)","12/2019",81.38
"ARROZ BENEFICIADO (A) PARBOILIZADO LONGO FINO (30 kg)","01/2020",78.84
"ARROZ BENEFICIADO (A) PARBOILIZADO LONGO FINO (30 kg)","02/2020",86.22
"ARROZ BENEFICIADO (A) PARBOILIZADO LONGO FINO (30 kg)","03/2020",90
"ARROZ BENEFICIADO (A) PARBOILIZADO LONGO FINO (30 kg)","04/2020",81.67
"ARROZ BENEFICIADO (A) PARBOILIZADO LONGO FINO (30 kg)","05/2020",90.45
"ARROZ BENEFICIADO (A) PARBOILIZADO LONGO FINO (30 kg)","06/2020",106.3
"ARROZ BENEFICIADO (A) PARBOILIZADO LONGO FINO (30 kg)","07/2020",100.25
"ARROZ BENEFICIADO (A) PARBOILIZADO LONGO FINO (30 kg)","08/2020",109.92
"ARROZ BENEFICIADO (A) PARBOILIZADO LONGO FINO (30 kg)","09/2020",116.67
"ARROZ BENEFICIADO (A) PARBOILIZADO LONGO FINO (30 kg)","10/2020",165.45
"ARROZ BENEFICIADO (A) PARBOILIZADO LONGO FINO (30 kg)","11/2020",161.67
"ARROZ BENEFICIADO (A) PARBOILIZADO LONGO FINO (30 kg)","12/2020",142.49
"ARROZ BENEFICIADO (A) PARBOILIZADO LONGO FINO (30 kg)","01/2021",145.33
"ARROZ BENEFICIADO (A) PARBOILIZADO LONGO FINO (30 kg)","02/2021",137.7
"ARROZ BENEFICIADO (A) PARBOILIZADO LONGO FINO (30 kg)","03/2021",138.33
"ARROZ BENEFICIADO (A) PARBOILIZADO LONGO FINO (30 kg)","04/2021",143.78
"ARROZ BENEFICIADO (A) PARBOILIZADO LONGO FINO (30 kg)","05/2021",138.78
"ARROZ BENEFICIADO (A) PARBOILIZADO LONGO FINO (30 kg)","06/2021",127.52
"ARROZ BENEFICIADO (A) PARBOILIZADO LONGO FINO (30 kg)","07/2021",128.57
"ARROZ BENEFICIADO (A) PARBOILIZADO LONGO FINO (30 kg)","08/2021",129.18
"ARROZ BENEFICIADO (A) PARBOILIZADO LONGO FINO (30 kg)","09/2021",131.24
"ARROZ BENEFICIADO (A) PARBOILIZADO LONGO FINO (30 kg)","10/2021",129.97
"ARROZ BENEFICIADO (A) PARBOILIZADO LONGO FINO (30 kg)","11/2021",122.84
"ARROZ BENEFICIADO (A) PARBOILIZADO LONGO FINO (30 kg)","12/2021",116.57
"ARROZ BENEFICIADO (A) PARBOILIZADO LONGO FINO (30 kg)","01/2022",116.34
"ARROZ BENEFICIADO (A) PARBOILIZADO LONGO FINO (30 kg)","02/2022",117.93
"ARROZ BENEFICIADO (A) PARBOILIZADO LONGO FINO (30 kg)","03/2022",120.47
"ARROZ BENEFICIADO (A) PARBOILIZADO LONGO FINO (30 kg)","04/2022",121.53
"ARROZ BENEFICIADO (A) PARBOILIZADO LONGO FINO (30 kg)","05/2022",121.1
"ARROZ BENEFICIADO (A) PARBOILIZADO LONGO FINO (30 kg)","06/2022",122.25
"ARROZ LONGO FINO BENEFICIADO TIPO 1 (30 kg)","01/2018",83.14
"ARROZ LONGO FINO BENEFICIADO TIPO 1 (30 kg)","02/2018",72.16
"ARROZ LONGO FINO BENEFICIADO TIPO 1 (30 kg)","03/2018",75.5
"ARROZ LONGO FINO BENEFICIADO TIPO 1 (30 kg)","04/2018",80.26
"ARROZ LONGO FINO BENEFICIADO TIPO 1 (30 kg)","05/2018",77.44
"ARROZ LONGO FINO BENEFICIADO TIPO 1 (30 kg)","06/2018",75.68
"ARROZ LONGO FINO BENEFICIADO TIPO 1 (30 kg)","07/2018",79.16
"ARROZ LONGO FINO BENEFICIADO TIPO 1 (30 kg)","08/2018",87.92
"ARROZ LONGO FINO BENEFICIADO TIPO 1 (30 kg)","09/2018",88.98
"ARROZ LONGO FINO BENEFICIADO TIPO 1 (30 kg)","10/2018",89.21
"ARROZ LONGO FINO BENEFICIADO TIPO 1 (30 kg)","11/2018",85.86
"ARROZ LONGO FINO BENEFICIADO TIPO 1 (30 kg)","12/2018",82.72
"ARROZ LONGO FINO BENEFICIADO TIPO 1 (30 kg)","01/2019",82.74
"ARROZ LONGO FINO BENEFICIADO TIPO 1 (30 kg)","02/2019",82.74
"ARROZ LONGO FINO BENEFICIADO TIPO 1 (30 kg)","03/2019",81.88
"ARROZ LONGO FINO BENEFICIADO TIPO 1 (30 kg)","04/2019",82.12
"ARROZ LONGO FINO BENEFICIADO TIPO 1 (30 kg)","05/2019",88.66
"ARROZ LONGO FINO BENEFICIADO TIPO 1 (30 kg)","06/2019",92.46
"ARROZ LONGO FINO BENEFICIADO TIPO 1 (30 kg)","07/2019",95.82
"ARROZ LONGO FINO BENEFICIADO TIPO 1 (30 kg)","08/2019",83.94
"ARROZ LONGO FINO BENEFICIADO TIPO 1 (30 kg)","09/2019",89.72
"ARROZ LONGO FINO BENEFICIADO TIPO 1 (30 kg)","10/2019",81.97
"ARROZ LONGO FINO BENEFICIADO TIPO 1 (30 kg)","11/2019",81.32
"ARROZ LONGO FINO BENEFICIADO TIPO 1 (30 kg)","12/2019",85.56
"ARROZ LONGO FINO BENEFICIADO TIPO 1 (30 kg)","01/2020",89.06
"ARROZ LONGO FINO BENEFICIADO TIPO 1 (30 kg)","02/2020",90.24
"ARROZ LONGO FINO BENEFICIADO TIPO 1 (30 kg)","03/2020",95.34
"ARROZ LONGO FINO BENEFICIADO TIPO 1 (30 kg)","04/2020",97.28
"ARROZ LONGO FINO BENEFICIADO TIPO 1 (30 kg)","05/2020",111.56
"ARROZ LONGO FINO BENEFICIADO TIPO 1 (30 kg)","06/2020",108.52
"ARROZ LONGO FINO BENEFICIADO TIPO 1 (30 kg)","07/2020",108.28
"ARROZ LONGO FINO BENEFICIADO TIPO 1 (30 kg)","08/2020",118.72
"ARROZ LONGO FINO BENEFICIADO TIPO 1 (30 kg)","09/2020",133.7
"ARROZ LONGO FINO BENEFICIADO TIPO 1 (30 kg)","10/2020",170.4
"ARROZ LONGO FINO BENEFICIADO TIPO 1 (30 kg)","11/2020",163.96
"ARROZ LONGO FINO BENEFICIADO TIPO 1 (30 kg)","12/2020",140.72
"ARROZ LONGO FINO BENEFICIADO TIPO 1 (30 kg)","01/2021",133.53
"ARROZ LONGO FINO BENEFICIADO TIPO 1 (30 kg)","02/2021",131.79
"ARROZ LONGO FINO BENEFICIADO TIPO 1 (30 kg)","03/2021",127.77
"ARROZ LONGO FINO BENEFICIADO TIPO 1 (30 kg)","04/2021",127.39
"ARROZ LONGO FINO BENEFICIADO TIPO 1 (30 kg)","05/2021",129.61
"ARROZ LONGO FINO BENEFICIADO TIPO 1 (30 kg)","06/2021",129.43
"ARROZ LONGO FINO BENEFICIADO TIPO 1 (30 kg)","07/2021",122.14
"ARROZ LONGO FINO BENEFICIADO TIPO 1 (30 kg)","08/2021",118.78
"ARROZ LONGO FINO BENEFICIADO TIPO 1 (30 kg)","09/2021",116.98
"ARROZ LONGO FINO BENEFICIADO TIPO 1 (30 kg)","10/2021",118.07
"ARROZ LONGO FINO BENEFICIADO TIPO 1 (30 kg)","11/2021",109.91
"ARROZ LONGO FINO BENEFICIADO TIPO 1 (30 kg)","12/2021",109.73
"ARROZ LONGO FINO BENEFICIADO TIPO 1 (30 kg)","01/2022",105.65
"ARROZ LONGO FINO BENEFICIADO TIPO 1 (30 kg)","02/2022",103.04
"ARROZ LONGO FINO BENEFICIADO TIPO 1 (30 kg)","03/2022",112.03
"ARROZ LONGO FINO BENEFICIADO TIPO 1 (30 kg)","04/2022",110.93
"ARROZ LONGO FINO BENEFICIADO TIPO 1 (30 kg)","05/2022",113.6
"ARROZ LONGO FINO BENEFICIADO TIPO 1 (30 kg)","06/2022",112
"BANANA NANICA (kg)","01/2018",1.75
"BANANA NANICA (kg)","02/2018",1.81
"BANANA NANICA (kg)","03/2018",2.19
"BANANA NANICA (kg)","04/2018",1.88
"BANANA NANICA (kg)","05/2018",1.74
"BANANA NANICA (kg)","06/2018",1.79
"BANANA NANICA (kg)","07/2018",1.51
"BANANA NANICA (kg)","08/2018",1.53
"BANANA NANICA (kg)","09/2018",1.82
"BANANA NANICA (kg)","10/2018",2.17
"BANANA NANICA (kg)","11/2018",1.9
"BANANA NANICA (kg)","12/2018",1.98
"BANANA NANICA (kg)","01/2019",1.52
"BANANA NANICA (kg)","02/2019",1.42
"BANANA PRATA (kg)","01/2018",2.32
"BANANA PRATA (kg)","02/2018",2.38
"BANANA PRATA (kg)","03/2018",2.34
"BANANA PRATA (kg)","04/2018",2.5
"BANANA PRATA (kg)","05/2018",2.38
"BANANA PRATA (kg)","06/2018",2.29
"BANANA PRATA (kg)","07/2018",2.08
"BANANA PRATA (kg)","08/2018",1.91
"BANANA PRATA (kg)","09/2018",1.86
"BANANA PRATA (kg)","10/2018",2.15
"BANANA PRATA (kg)","11/2018",1.97
"BANANA PRATA (kg)","12/2018",2.01
"BANANA PRATA (kg)","01/2019",2.21
"BANANA PRATA (kg)","02/2019",2.2
"BATATA-DOCE (kg)","01/2018",1.98
"BATATA-DOCE (kg)","02/2018",1.99
"BATATA-DOCE (kg)","03/2018",1.94
"BATATA-DOCE (kg)","04/2018",1.92
"BATATA-DOCE (kg)","05/2018",2.3
"BATATA-DOCE (kg)","06/2018",2.42
"BATATA-DOCE (kg)","07/2018",2.28
"BATATA-DOCE (kg)","08/2018",2.68
"BATATA-DOCE (kg)","09/2018",2.8
"BATATA-DOCE (kg)","10/2018",2.62
"BATATA-DOCE (kg)","11/2018",2.22
"BATATA-DOCE (kg)","12/2018",2.02
"BATATA-DOCE (kg)","01/2019",1.8
"BATATA-DOCE (kg)","02/2019",1.91
"BATATA INGLESA (kg)","01/2018",1.86
"BATATA INGLESA (kg)","02/2018",1.82
"BATATA INGLESA (kg)","03/2018",1.83
"BATATA INGLESA (kg)","04/2018",1.84
"BATATA INGLESA (kg)","05/2018",2.07
"BATATA INGLESA (kg)","06/2018",1.74
"BATATA INGLESA (kg)","07/2018",1.37
"BATATA INGLESA (kg)","08/2018",1.21
"BATATA INGLESA (kg)","09/2018",1.05
"BATATA INGLESA (kg)","10/2018",1.38
"BATATA INGLESA (kg)","11/2018",1.95
"BATATA INGLESA (kg)","12/2018",2.05
"BATATA INGLESA (kg)","01/2019",2.19
"BATATA INGLESA (kg)","02/2019",3.17
"CAFÉ MOÍDO E TORRADO (10 kg)","01/2018",185.8
"CAFÉ MOÍDO E TORRADO (10 kg)","02/2018",211.93
"CAFÉ MOÍDO E TORRADO (10 kg)","03/2018",217.8
"CAFÉ MOÍDO E TORRADO (10 kg)","04/2018",190.33
"CAFÉ MOÍDO E TORRADO (10 kg)","05/2018",183.8
"CAFÉ MOÍDO E TORRADO (10 kg)","06/2018",184.53
"CAFÉ MOÍDO E TORRADO (10 kg)","07/2018",185.13
"CAFÉ MOÍDO E TORRADO (10 kg)","08/2018",179.53
"CAFÉ MOÍDO E TORRADO (10 kg)","09/2018",184.6
"CAFÉ MOÍDO E TORRADO (10 kg)","10/2018",180.8
"CAFÉ MOÍDO E TORRADO (10 kg)","11/2018",184.13
"CAFÉ MOÍDO E TORRADO (10 kg)","12/2018",173
"CAFÉ MOÍDO E TORRADO (10 kg)","01/2019",165.13
"CAFÉ MOÍDO E TORRADO (10 kg)","02/2019",161.8
"CAFÉ MOÍDO E TORRADO (10 kg)","03/2019",166.05
"CAFÉ MOÍDO E TORRADO (10 kg)","04/2019",174.87
"CAFÉ MOÍDO E TORRADO (10 kg)","05/2019",173.53
"CAFÉ MOÍDO E TORRADO (10 kg)","06/2019",175.07
"CAFÉ MOÍDO E TORRADO (10 kg)","07/2019",179.73
"CAFÉ MOÍDO E TORRADO (10 kg)","08/2019",158.47
"CAFÉ MOÍDO E TORRADO (10 kg)","09/2019",169.53
"CAFÉ MOÍDO E TORRADO (10 kg)","10/2019",165
"CAFÉ MOÍDO E TORRADO (10 kg)","11/2019",157.53
"CAFÉ MOÍDO E TORRADO (10 kg)","12/2019",159
"CAFÉ MOÍDO E TORRADO (10 kg)","01/2020",149.53
"CAFÉ MOÍDO E TORRADO (10 kg)","02/2020",160
"CAFÉ MOÍDO E TORRADO (10 kg)","03/2020",161.13
"CAFÉ MOÍDO E TORRADO (10 kg)","04/2020",165.73
"CAFÉ MOÍDO E TORRADO (10 kg)","05/2020",185.13
"CAFÉ MOÍDO E TORRADO (10 kg)","06/2020",181.8
"CAFÉ MOÍDO E TORRADO (10 kg)","07/2020",173
"CAFÉ MOÍDO E TORRADO (10 kg)","08/2020",171.07
"CAFÉ MOÍDO E TORRADO (10 kg)","09/2020",170.67
"CAFÉ MOÍDO E TORRADO (10 kg)","10/2020",173.53
"CAFÉ MOÍDO E TORRADO (10 kg)","11/2020",187.13
"CAFÉ MOÍDO E TORRADO (10 kg)","12/2020",169.94
"CAFÉ MOÍDO E TORRADO (10 kg)","01/2021",168.2
"CAFÉ MOÍDO E TORRADO (10 kg)","02/2021",176.58
"CAFÉ MOÍDO E TORRADO (10 kg)","03/2021",178.14
"CAFÉ MOÍDO E TORRADO (10 kg)","04/2021",183.94
"CAFÉ MOÍDO E TORRADO (10 kg)","05/2021",182.2
"CAFÉ MOÍDO E TORRADO (10 kg)","06/2021",198.13
"CAFÉ MOÍDO E TORRADO (10 kg)","07/2021",212.1
"CAFÉ MOÍDO E TORRADO (10 kg)","08/2021",229.18
"CAFÉ MOÍDO E TORRADO (10 kg)","09/2021",250.11
"CAFÉ MOÍDO E TORRADO (10 kg)","10/2021",260.55
"CAFÉ MOÍDO E TORRADO (10 kg)","11/2021",291.44
"CAFÉ MOÍDO E TORRADO (10 kg)","12/2021",299.07
"CAFÉ MOÍDO E TORRADO (10 kg)","01/2022",338.91
"CAFÉ MOÍDO E TORRADO (10 kg)","02/2022",325.52
"CAFÉ MOÍDO E TORRADO (10 kg)","03/2022",319.66
"CAFÉ MOÍDO E TORRADO (10 kg)","04/2022",312.04
"CAFÉ MOÍDO E TORRADO (10 kg)","05/2022",317.85
"CAFÉ MOÍDO E TORRADO (10 kg)","06/2022",322.62
"CARÁ (kg)","01/2018",3.28
"CARÁ (kg)","02/2018",2.71
"CARÁ (kg)","03/2018",2.3
"CARÁ (kg)","04/2018",2.46
"CARÁ (kg)","05/2018",2.21
"CARÁ (kg)","06/2018",2.6
"CARÁ (kg)","07/2018",2.18
"CARÁ (kg)","08/2018",2.27
"CARÁ (kg)","09/2018",2.14
"CARÁ (kg)","10/2018",2.19
"CARÁ (kg)","11/2018",2.32
"CARÁ (kg)","12/2018",2.77
"CARÁ (kg)","01/2019",2.93
"CARÁ (kg)","02/2019",3.03
"CARNE BOVINA PONTA DE AGULHA (kg)","01/2018",10.81
"CARNE BOVINA PONTA DE AGULHA (kg)","02/2018",7.4
"CARNE BOVINA PONTA DE AGULHA (kg)","03/2018",7.75
"CARNE BOVINA PONTA DE AGULHA (kg)","04/2018",7.5
"CARNE BOVINA PONTA DE AGULHA (kg)","05/2018",7.7
"CARNE DE FRANGO CONGELADO (kg)","01/2018",4.48
"CARNE DE FRANGO CONGELADO (kg)","02/2018",5.1
"CARNE DE FRANGO CONGELADO (kg)","03/2018",4.89
"CARNE DE FRANGO CONGELADO (kg)","04/2018",3.43
"CARNE DE FRANGO CONGELADO (kg)","05/2018",4.29
"CARNE DE FRANGO CONGELADO (kg)","06/2018",4.76
"CARNE DE FRANGO CONGELADO (kg)","07/2018",4.74
"CARNE DE FRANGO CONGELADO (kg)","08/2018",4.56
"CARNE DE FRANGO CONGELADO (kg)","09/2018",4.39
"CARNE DE FRANGO CONGELADO (kg)","10/2018",4.36
"CARNE DE FRANGO CONGELADO (kg)","11/2018",4.89
"CARNE DE FRANGO CONGELADO (kg)","12/2018",4.48
"CARNE DE FRANGO CONGELADO (kg)","01/2019",4.28
"CARNE DE FRANGO CONGELADO (kg)","02/2019",4.34
"CARNE DE FRANGO CONGELADO (kg)","03/2019",4.39
"CARNE DE FRANGO CONGELADO (kg)","04/2019",4.96
"CARNE DE FRANGO CONGELADO (kg)","05/2019",5.93
"CARNE DE FRANGO CONGELADO (kg)","06/2019",4.81
"CARNE DE FRANGO CONGELADO (kg)","07/2019",4.65
"CARNE DE FRANGO CONGELADO (kg)","08/2019",5.66
"CARNE DE FRANGO CONGELADO (kg)","09/2019",5.89
"CARNE DE FRANGO CONGELADO (kg)","10/2019",5.34
"CARNE DE FRANGO CONGELADO (kg)","11/2019",5.71
"CARNE DE FRANGO CONGELADO (kg)","12/2019",5.33
"CARNE DE FRANGO CONGELADO (kg)","01/2020",5.84
"CARNE DE FRANGO CONGELADO (kg)","02/2020",5.32
"CARNE DE FRANGO CONGELADO (kg)","03/2020",5.17
"CARNE DE FRANGO CONGELADO (kg)","04/2020",5.55
"CARNE DE FRANGO CONGELADO (kg)","05/2020",5.02
"CARNE DE FRANGO CONGELADO (kg)","06/2020",4.82
"CARNE DE FRANGO CONGELADO (kg)","07/2020",5.4
"CARNE DE FRANGO CONGELADO (kg)","08/2020",5.62
"CARNE DE FRANGO CONGELADO (kg)","09/2020",5.86
"CARNE DE FRANGO CONGELADO (kg)","10/2020",6.62
"CARNE DE FRANGO CONGELADO (kg)","11/2020",7.38
"CARNE DE FRANGO CONGELADO (kg)","12/2020",6.89
"CARNE DE FRANGO CONGELADO (kg)","01/2021",6.85
"CARNE DE FRANGO CONGELADO (kg)","02/2021",6.78
"CARNE DE FRANGO CONGELADO (kg)","03/2021",6.76
"CARNE DE FRANGO CONGELADO (kg)","04/2021",7.2
"CARNE DE FRANGO CONGELADO (kg)","05/2021",7.75
"CARNE DE FRANGO CONGELADO (kg)","06/2021",8.16
"CARNE DE FRANGO CONGELADO (kg)","07/2021",8.51
"CARNE DE FRANGO CONGELADO (kg)","08/2021",9.55
"CARNE DE FRANGO CONGELADO (kg)","09/2021",10.06
"CARNE DE FRANGO CONGELADO (kg)","10/2021",10.45
"CARNE DE FRANGO CONGELADO (kg)","11/2021",9.31
"CARNE DE FRANGO CONGELADO (kg)","12/2021",7.93
"CARNE DE FRANGO CONGELADO (kg)","01/2022",7.48
"CARNE DE FRANGO CONGELADO (kg)","02/2022",7.61
"CARNE DE FRANGO CONGELADO (kg)","03/2022",8.57
"CARNE DE FRANGO CONGELADO (kg)","04/2022",9.04
"CARNE DE FRANGO CONGELADO (kg)","05/2022",9.66
"CARNE DE FRANGO CONGELADO (kg)","06/2022",9.51
"CARNE SUÍNA CONGELADA CARCAÇA (kg)","01/2018",5.87
"CARNE SUÍNA CONGELADA CARCAÇA (kg)","02/2018",5
"CARNE SUÍNA CONGELADA CARCAÇA (kg)","03/2018",5.25
"CARNE SUÍNA CONGELADA CARCAÇA (kg)","04/2018",4.5
"CARNE SUÍNA CONGELADO PERNIL COM OSSO (kg)","01/2018",9.67
"CARNE SUÍNA CONGELADO PERNIL COM OSSO (kg)","02/2018",12.75
"CARNE SUÍNA CONGELADO PERNIL COM OSSO (kg)","03/2018",12.15
"CARNE SUÍNA CONGELADO PERNIL COM OSSO (kg)","04/2018",11.19
"CARNE SUÍNA CONGELADO PERNIL COM OSSO (kg)","06/2018",10.54
"CARNE SUÍNA CONGELADO PERNIL COM OSSO (kg)","07/2018",10.9
"CARNE SUÍNA CONGELADO PERNIL COM OSSO (kg)","08/2018",10.49
"CARNE SUÍNA CONGELADO PERNIL COM OSSO (kg)","09/2018",11.25
"CARNE SUÍNA CONGELADO PERNIL COM OSSO (kg)","10/2018",10.37
"CARNE SUÍNA CONGELADO PERNIL COM OSSO (kg)","11/2018",10.36
"CARNE SUÍNA CONGELADO PERNIL COM OSSO (kg)","12/2018",11.65
"CARNE SUÍNA CONGELADO PERNIL COM OSSO (kg)","01/2019",11.99
"CARNE SUÍNA CONGELADO PERNIL COM OSSO (kg)","02/2019",11.17
"CARNE SUÍNA CONGELADO PERNIL COM OSSO (kg)","03/2019",11.59
"CARNE SUÍNA CONGELADO PERNIL COM OSSO (kg)","04/2019",10.99
"CARNE SUÍNA CONGELADO PERNIL COM OSSO (kg)","05/2019",12.62
"CARNE SUÍNA CONGELADO PERNIL COM OSSO (kg)","07/2019",10.33
"CARNE SUÍNA CONGELADO PERNIL COM OSSO (kg)","08/2019",15.49
"CARNE SUÍNA CONGELADO PERNIL COM OSSO (kg)","09/2019",16.15
"CARNE SUÍNA CONGELADO PERNIL COM OSSO (kg)","10/2019",14.1
"CARNE SUÍNA CONGELADO PERNIL COM OSSO (kg)","11/2019",14.57
"CARNE SUÍNA CONGELADO PERNIL COM OSSO (kg)","12/2019",13.21
"CARNE SUÍNA CONGELADO PERNIL COM OSSO (kg)","01/2020",12.6
"CARNE SUÍNA CONGELADO PERNIL COM OSSO (kg)","02/2020",12.11
"CARNE SUÍNA CONGELADO PERNIL COM OSSO (kg)","03/2020",11.47
"CARNE SUÍNA CONGELADO PERNIL COM OSSO (kg)","04/2020",12.31
"CARNE SUÍNA CONGELADO PERNIL COM OSSO (kg)","05/2020",10.6
"CARNE SUÍNA CONGELADO PERNIL COM OSSO (kg)","06/2020",12.65
"CARNE SUÍNA CONGELADO PERNIL COM OSSO (kg)","07/2020",12
"CARNE SUÍNA CONGELADO PERNIL COM OSSO (kg)","08/2020",13.92
"CARNE SUÍNA CONGELADO PERNIL COM OSSO (kg)","09/2020",16.49
"CARNE SUÍNA CONGELADO PERNIL COM OSSO (kg)","10/2020",15.39
"CARNE SUÍNA CONGELADO PERNIL COM OSSO (kg)","11/2020",17.9
"CARNE SUÍNA CONGELADO PERNIL COM OSSO (kg)","12/2020",20.4
"CARNE SUÍNA CONGELADO PERNIL COM OSSO (kg)","01/2021",17.95
"CARNE SUÍNA CONGELADO PERNIL COM OSSO (kg)","02/2021",17.51
"CARNE SUÍNA CONGELADO PERNIL COM OSSO (kg)","03/2021",18.57
"CARNE SUÍNA CONGELADO PERNIL COM OSSO (kg)","04/2021",18.61
"CARNE SUÍNA CONGELADO PERNIL COM OSSO (kg)","05/2021",17.59
"CARNE SUÍNA CONGELADO PERNIL COM OSSO (kg)","06/2021",17.37
"CARNE SUÍNA CONGELADO PERNIL COM OSSO (kg)","07/2021",18.27
"CARNE SUÍNA CONGELADO PERNIL COM OSSO (kg)","08/2021",18.44
"CARNE SUÍNA CONGELADO PERNIL COM OSSO (kg)","09/2021",18.4
"CARNE SUÍNA CONGELADO PERNIL COM OSSO (kg)","10/2021",18.24
"CARNE SUÍNA CONGELADO PERNIL COM OSSO (kg)","11/2021",18.88
"CARNE SUÍNA CONGELADO PERNIL COM OSSO (kg)","12/2021",18.61
"CARNE SUÍNA CONGELADO PERNIL COM OSSO (kg)","01/2022",18.29
"CARNE SUÍNA CONGELADO PERNIL COM OSSO (kg)","02/2022",17.28
"CARNE SUÍNA CONGELADO PERNIL COM OSSO (kg)","03/2022",17.09
"CARNE SUÍNA CONGELADO PERNIL COM OSSO (kg)","04/2022",17.97
"CARNE SUÍNA CONGELADO PERNIL COM OSSO (kg)","05/2022",17.38
"CARNE SUÍNA CONGELADO PERNIL COM OSSO (kg)","06/2022",17.55
"CEBOLA (kg)","01/2018",1.73
"CEBOLA (kg)","02/2018",2.23
"CEBOLA (kg)","03/2018",2.14
"CEBOLA (kg)","04/2018",3.15
"CEBOLA (kg)","05/2018",4.1
"CEBOLA (kg)","06/2018",3.5
"CEBOLA (kg)","07/2018",1.65
"CEBOLA (kg)","08/2018",1.33
"CEBOLA (kg)","09/2018",1.05
"CEBOLA (kg)","10/2018",1.49
"CEBOLA (kg)","11/2018",2.02
"CEBOLA (kg)","12/2018",2.56
"CEBOLA (kg)","01/2019",2.54
"CEBOLA (kg)","02/2019",2.53
"COCO VERDE (un)","01/2018",1.44
"COCO VERDE (un)","02/2018",1.41
"COCO VERDE (un)","03/2018",1.47
"COCO VERDE (un)","04/2018",1.65
"COCO VERDE (un)","05/2018",1.62
"COCO VERDE (un)","06/2018",1.59
"COCO VERDE (un)","07/2018",1.47
"COCO VERDE (un)","08/2018",1.45
"COCO VERDE (un)","09/2018",1.42
"COCO VERDE (un)","10/2018",1.43
"COCO VERDE (un)","11/2018",1.39
"COCO VERDE (un)","12/2018",1.39
"COCO VERDE (un)","01/2019",1.65
"COCO VERDE (un)","02/2019",1.7
"FARINHA DE MANDIOCA FINA TIPO 1 SECA (50 kg)","01/2018",161.48
"FARINHA DE MANDIOCA FINA TIPO 1 SECA (50 kg)","02/2018",161.06
"FARINHA DE MANDIOCA FINA TIPO 1 SECA (50 kg)","03/2018",154.55
"FARINHA DE MANDIOCA FINA TIPO 1 SECA (50 kg)","04/2018",144.63
"FARINHA DE MANDIOCA FINA TIPO 1 SECA (50 kg)","05/2018",152.48
"FARINHA DE MANDIOCA FINA TIPO 1 SECA (50 kg)","06/2018",174.37
"FARINHA DE MANDIOCA FINA TIPO 1 SECA (50 kg)","07/2018",186
"FARINHA DE MANDIOCA FINA TIPO 1 SECA (50 kg)","08/2018",183.86
"FARINHA DE MANDIOCA FINA TIPO 1 SECA (50 kg)","09/2018",189.47
"FARINHA DE MANDIOCA FINA TIPO 1 SECA (50 kg)","10/2018",181.69
"FARINHA DE MANDIOCA FINA TIPO 1 SECA (50 kg)","11/2018",169.04
"FARINHA DE MANDIOCA FINA TIPO 1 SECA (50 kg)","12/2018",175.76
"FARINHA DE MANDIOCA FINA TIPO 1 SECA (50 kg)","01/2019",187.16
"FARINHA DE MANDIOCA FINA TIPO 1 SECA (50 kg)","02/2019",199.39
"FARINHA DE MANDIOCA FINA TIPO 1 SECA (50 kg)","03/2019",188.33
"FARINHA DE MANDIOCA FINA TIPO 1 SECA (50 kg)","04/2019",185.35
"FARINHA DE MANDIOCA FINA TIPO 1 SECA (50 kg)","05/2019",185.29
"FARINHA DE MANDIOCA FINA TIPO 1 SECA (50 kg)","06/2019",169.59
"FARINHA DE MANDIOCA FINA TIPO 1 SECA (50 kg)","07/2019",160.16
"FARINHA DE MANDIOCA FINA TIPO 1 SECA (50 kg)","08/2019",156.93
"FARINHA DE MANDIOCA FINA TIPO 1 SECA (50 kg)","09/2019",167.51
"FARINHA DE MANDIOCA FINA TIPO 1 SECA (50 kg)","10/2019",171.33
"FARINHA DE MANDIOCA FINA TIPO 1 SECA (50 kg)","11/2019",179.85
"FARINHA DE MANDIOCA FINA TIPO 1 SECA (50 kg)","12/2019",182.48
"FARINHA DE MANDIOCA FINA TIPO 1 SECA (50 kg)","01/2020",176.28
"FARINHA DE MANDIOCA FINA TIPO 1 SECA (50 kg)","02/2020",182.92
"FARINHA DE MANDIOCA FINA TIPO 1 SECA (50 kg)","03/2020",163.68
"FARINHA DE MANDIOCA FINA TIPO 1 SECA (50 kg)","04/2020",136.32
"FARINHA DE MANDIOCA FINA TIPO 1 SECA (50 kg)","05/2020",127.36
"FARINHA DE MANDIOCA FINA TIPO 1 SECA (50 kg)","06/2020",145.05
"FARINHA DE MANDIOCA FINA TIPO 1 SECA (50 kg)","07/2020",165.38
"FARINHA DE MANDIOCA FINA TIPO 1 SECA (50 kg)","08/2020",158.46
"FARINHA DE MANDIOCA FINA TIPO 1 SECA (50 kg)","09/2020",150.33
"FARINHA DE MANDIOCA FINA TIPO 1 SECA (50 kg)","10/2020",154.74
"FARINHA DE MANDIOCA FINA TIPO 1 SECA (50 kg)","11/2020",148.65
"FARINHA DE MANDIOCA FINA TIPO 1 SECA (50 kg)","12/2020",138.32
"FARINHA DE MANDIOCA FINA TIPO 1 SECA (50 kg)","01/2021",133.98
"FARINHA DE MANDIOCA FINA TIPO 1 SECA (50 kg)","02/2021",135.88
"FARINHA DE MANDIOCA FINA TIPO 1 SECA (50 kg)","03/2021",139.03
"FARINHA DE MANDIOCA FINA TIPO 1 SECA (50 kg)","04/2021",131.49
"FARINHA DE MANDIOCA FINA TIPO 1 SECA (50 kg)","05/2021",131.25
"FARINHA DE MANDIOCA FINA TIPO 1 SECA (50 kg)","06/2021",133.83
"FARINHA DE MANDIOCA FINA TIPO 1 SECA (50 kg)","07/2021",136.79
"FARINHA DE MANDIOCA FINA TIPO 1 SECA (50 kg)","08/2021",128.93
"FARINHA DE MANDIOCA FINA TIPO 1 SECA (50 kg)","09/2021",131.88
"FARINHA DE MANDIOCA FINA TIPO 1 SECA (50 kg)","10/2021",139.08
"FARINHA DE MANDIOCA FINA TIPO 1 SECA (50 kg)","11/2021",152.88
"FARINHA DE MANDIOCA FINA TIPO 1 SECA (50 kg)","12/2021",177.35
"FARINHA DE MANDIOCA FINA TIPO 1 SECA (50 kg)","01/2022",181
"FARINHA DE MANDIOCA FINA TIPO 1 SECA (50 kg)","02/2022",186.51
"FARINHA DE MANDIOCA FINA TIPO 1 SECA (50 kg)","03/2022",192.78
"FARINHA DE MANDIOCA FINA TIPO 1 SECA (50 kg)","04/2022",196.18
"FARINHA DE MANDIOCA FINA TIPO 1 SECA (50 kg)","05/2022",206.85
"FARINHA DE MANDIOCA FINA TIPO 1 SECA (50 kg)","06/2022",199.4
"FARINHA DE TRIGO ENRIQUECIDA TIPO 1 (10 kg)","01/2018",19.69
"FARINHA DE TRIGO ENRIQUECIDA TIPO 1 (10 kg)","02/2018",19.83
"FARINHA DE TRIGO ENRIQUECIDA TIPO 1 (10 kg)","03/2018",19.5
"FARINHA DE TRIGO ENRIQUECIDA TIPO 1 (10 kg)","04/2018",22.59
"FARINHA DE TRIGO ENRIQUECIDA TIPO 1 (10 kg)","05/2018",22.93
"FARINHA DE TRIGO ENRIQUECIDA TIPO 1 (10 kg)","06/2018",27.13
"FARINHA DE TRIGO ENRIQUECIDA TIPO 1 (10 kg)","07/2018",25.15
"FARINHA DE TRIGO ENRIQUECIDA TIPO 1 (10 kg)","08/2018",24.42
"FARINHA DE TRIGO ENRIQUECIDA TIPO 1 (10 kg)","09/2018",26.4
"FARINHA DE TRIGO ENRIQUECIDA TIPO 1 (10 kg)","10/2018",24.88
"FARINHA DE TRIGO ENRIQUECIDA TIPO 1 (10 kg)","11/2018",25.52
"FARINHA DE TRIGO ENRIQUECIDA TIPO 1 (10 kg)","12/2018",26.6
"FARINHA DE TRIGO ENRIQUECIDA TIPO 1 (10 kg)","01/2019",26.7
"FARINHA DE TRIGO ENRIQUECIDA TIPO 1 (10 kg)","02/2019",28.43
"FARINHA DE TRIGO ENRIQUECIDA TIPO 1 (10 kg)","03/2019",26.42
"FARINHA DE TRIGO ENRIQUECIDA TIPO 1 (10 kg)","04/2019",25.25
"FARINHA DE TRIGO ENRIQUECIDA TIPO 1 (10 kg)","05/2019",25.85
"FARINHA DE TRIGO ENRIQUECIDA TIPO 1 (10 kg)","06/2019",21.54
"FARINHA DE TRIGO ENRIQUECIDA TIPO 1 (10 kg)","07/2019",23.6
"FARINHA DE TRIGO ENRIQUECIDA TIPO 1 (10 kg)","08/2019",27.21
"FARINHA DE TRIGO ENRIQUECIDA TIPO 1 (10 kg)","09/2019",28.74
"FARINHA DE TRIGO ENRIQUECIDA TIPO 1 (10 kg)","10/2019",26.28
"FARINHA DE TRIGO ENRIQUECIDA TIPO 1 (10 kg)","11/2019",28.9
"FARINHA DE TRIGO ENRIQUECIDA TIPO 1 (10 kg)","12/2019",30.42
"FARINHA DE TRIGO ENRIQUECIDA TIPO 1 (10 kg)","01/2020",33.09
"FARINHA DE TRIGO ENRIQUECIDA TIPO 1 (10 kg)","02/2020",35.61
"FARINHA DE TRIGO ENRIQUECIDA TIPO 1 (10 kg)","03/2020",35.45
"FARINHA DE TRIGO ENRIQUECIDA TIPO 1 (10 kg)","04/2020",34.17
"FARINHA DE TRIGO ENRIQUECIDA TIPO 1 (10 kg)","05/2020",39.48
"FARINHA DE TRIGO ENRIQUECIDA TIPO 1 (10 kg)","06/2020",35.5
"FARINHA DE TRIGO ENRIQUECIDA TIPO 1 (10 kg)","07/2020",35.9
"FARINHA DE TRIGO ENRIQUECIDA TIPO 1 (10 kg)","08/2020",39.75
"FARINHA DE TRIGO ENRIQUECIDA TIPO 1 (10 kg)","09/2020",32.54
"FARINHA DE TRIGO ENRIQUECIDA TIPO 1 (10 kg)","10/2020",30.04
"FARINHA DE TRIGO ENRIQUECIDA TIPO 1 (10 kg)","11/2020",32.04
"FARINHA DE TRIGO ENRIQUECIDA TIPO 1 (10 kg)","12/2020",26.86
"FARINHA DE TRIGO ENRIQUECIDA TIPO 1 (10 kg)","01/2021",27.55
"FARINHA DE TRIGO ENRIQUECIDA TIPO 1 (10 kg)","02/2021",28.03
"FARINHA DE TRIGO ENRIQUECIDA TIPO 1 (10 kg)","03/2021",28.98
"FARINHA DE TRIGO ENRIQUECIDA TIPO 1 (10 kg)","04/2021",33.05
"FARINHA DE TRIGO ENRIQUECIDA TIPO 1 (10 kg)","05/2021",32.44
"FARINHA DE TRIGO ENRIQUECIDA TIPO 1 (10 kg)","06/2021",30.57
"FARINHA DE TRIGO ENRIQUECIDA TIPO 1 (10 kg)","07/2021",31.3
"FARINHA DE TRIGO ENRIQUECIDA TIPO 1 (10 kg)","08/2021",31.95
"FARINHA DE TRIGO ENRIQUECIDA TIPO 1 (10 kg)","09/2021",32.24
"FARINHA DE TRIGO ENRIQUECIDA TIPO 1 (10 kg)","10/2021",31.7
"FARINHA DE TRIGO ENRIQUECIDA TIPO 1 (10 kg)","11/2021",31.92
"FARINHA DE TRIGO ENRIQUECIDA TIPO 1 (10 kg)","12/2021",32.75
"FARINHA DE TRIGO ENRIQUECIDA TIPO 1 (10 kg)","01/2022",32.04
"FARINHA DE TRIGO ENRIQUECIDA TIPO 1 (10 kg)","02/2022",36.56
"FARINHA DE TRIGO ENRIQUECIDA TIPO 1 (10 kg)","03/2022",39.03
"FARINHA DE TRIGO ENRIQUECIDA TIPO 1 (10 kg)","04/2022",41.13
"FARINHA DE TRIGO ENRIQUECIDA TIPO 1 (10 kg)","05/2022",41.76
"FARINHA DE TRIGO ENRIQUECIDA TIPO 1 (10 kg)","06/2022",45.62
"FARINHA DE TRIGO ESPECIAL (t)","01/2018",1889.16
"FARINHA DE TRIGO ESPECIAL (t)","02/2018",1810.87
"FARINHA DE TRIGO ESPECIAL (t)","03/2018",1974.49
"FARINHA DE TRIGO ESPECIAL (t)","04/2018",1884
"FARINHA DE TRIGO ESPECIAL (t)","05/2018",1979.95
"FARINHA DE TRIGO ESPECIAL (t)","06/2018",2225.67
"FARINHA DE TRIGO ESPECIAL (t)","07/2018",2321.15
"FARINHA DE TRIGO ESPECIAL (t)","08/2018",2311.73
"FARINHA DE TRIGO ESPECIAL (t)","09/2018",2317.45
"FARINHA DE TRIGO ESPECIAL (t)","10/2018",2351.45
"FARINHA DE TRIGO ESPECIAL (t)","11/2018",2362.86
"FARINHA DE TRIGO ESPECIAL (t)","12/2018",2323.04
"FARINHA DE TRIGO ESPECIAL (t)","01/2019",2341.55
"FARINHA DE TRIGO ESPECIAL (t)","02/2019",2370.85
"FARINHA DE TRIGO ESPECIAL (t)","03/2019",2355.41
"FARINHA DE TRIGO ESPECIAL (t)","04/2019",2270.38
"FARINHA DE TRIGO ESPECIAL (t)","05/2019",2208.61
"FARINHA DE TRIGO ESPECIAL (t)","06/2019",2352.27
"FARINHA DE TRIGO ESPECIAL (t)","07/2019",2454.03
"FARINHA DE TRIGO ESPECIAL (t)","08/2019",2488.77
"FARINHA DE TRIGO ESPECIAL (t)","09/2019",2443.38
"FARINHA DE TRIGO ESPECIAL (t)","10/2019",2472.7
"FARINHA DE TRIGO ESPECIAL (t)","11/2019",2470.97
"FARINHA DE TRIGO ESPECIAL (t)","12/2019",2475.21
"FARINHA DE TRIGO ESPECIAL (t)","01/2020",2461.32
"FARINHA DE TRIGO ESPECIAL (t)","02/2020",2484.18
"FARINHA DE TRIGO ESPECIAL (t)","03/2020",2394.81
"FARINHA DE TRIGO ESPECIAL (t)","04/2020",2389.59
"FARINHA DE TRIGO ESPECIAL (t)","05/2020",2414.97
"FARINHA DE TRIGO ESPECIAL (t)","06/2020",2661.25
"FARINHA DE TRIGO ESPECIAL (t)","07/2020",2651.32
"FARINHA DE TRIGO ESPECIAL (t)","08/2020",2599.51
"FARINHA DE TRIGO ESPECIAL (t)","09/2020",2673.29
"FARINHA DE TRIGO ESPECIAL (t)","10/2020",2697.45
"FARINHA DE TRIGO ESPECIAL (t)","11/2020",2626.88
"FARINHA DE TRIGO ESPECIAL (t)","12/2020",2648.66
"FARINHA DE TRIGO ESPECIAL (t)","01/2021",2707.83
"FARINHA DE TRIGO ESPECIAL (t)","02/2021",2847.78
"FARINHA DE TRIGO ESPECIAL (t)","03/2021",2839.1
"FARINHA DE TRIGO ESPECIAL (t)","04/2021",2910.09
"FARINHA DE TRIGO ESPECIAL (t)","05/2021",2924.38
"FARINHA DE TRIGO ESPECIAL (t)","06/2021",3008.73
"FARINHA DE TRIGO ESPECIAL (t)","07/2021",3080.88
"FARINHA DE TRIGO ESPECIAL (t)","08/2021",3107.58
"FARINHA DE TRIGO ESPECIAL (t)","09/2021",3128.94
"FARINHA DE TRIGO ESPECIAL (t)","10/2021",3213.94
"FARINHA DE TRIGO ESPECIAL (t)","11/2021",3295.83
"FARINHA DE TRIGO ESPECIAL (t)","12/2021",3256.51
"FARINHA DE TRIGO ESPECIAL (t)","01/2022",3463.72
"FARINHA DE TRIGO ESPECIAL (t)","02/2022",3630.31
"FARINHA DE TRIGO ESPECIAL (t)","03/2022",3835.25
"FARINHA DE TRIGO ESPECIAL (t)","04/2022",4288.54
"FARINHA DE TRIGO ESPECIAL (t)","05/2022",4459.92
"FARINHA DE TRIGO ESPECIAL (t)","06/2022",4911.05
"FEIJÃO COMUM CORES TIPO 1 (30 kg)","01/2018",80.5
"FEIJÃO COMUM CORES TIPO 1 (30 kg)","02/2018",85.5
"FEIJÃO COMUM CORES TIPO 1 (30 kg)","03/2018",84.6
"FEIJÃO COMUM CORES TIPO 1 (30 kg)","04/2018",96.9
"FEIJÃO COMUM CORES TIPO 1 (30 kg)","05/2018",107.3
"FEIJÃO COMUM CORES TIPO 1 (30 kg)","06/2018",105.2
"FEIJÃO COMUM CORES TIPO 1 (30 kg)","07/2018",91.3
"FEIJÃO COMUM CORES TIPO 1 (30 kg)","08/2018",95.67
"FEIJÃO COMUM CORES TIPO 1 (30 kg)","09/2018",105.1
"FEIJÃO COMUM CORES TIPO 1 (30 kg)","10/2018",84.7
"FEIJÃO COMUM CORES TIPO 1 (30 kg)","11/2018",111.55
"FEIJÃO COMUM CORES TIPO 1 (30 kg)","12/2018",113.7
"FEIJÃO COMUM CORES TIPO 1 (30 kg)","01/2019",217.2
"FEIJÃO COMUM CORES TIPO 1 (30 kg)","02/2019",269.6
"FEIJÃO COMUM CORES TIPO 1 (30 kg)","03/2019",246.24
"FEIJÃO COMUM CORES TIPO 1 (30 kg)","04/2019",175.7
"FEIJÃO COMUM CORES TIPO 1 (30 kg)","05/2019",147.3
"FEIJÃO COMUM CORES TIPO 1 (30 kg)","06/2019",139.3
"FEIJÃO COMUM CORES TIPO 1 (30 kg)","07/2019",129.7
"FEIJÃO COMUM CORES TIPO 1 (30 kg)","08/2019",115.3
"FEIJÃO COMUM CORES TIPO 1 (30 kg)","09/2019",120.06
"FEIJÃO COMUM CORES TIPO 1 (30 kg)","10/2019",131.2
"FEIJÃO COMUM CORES TIPO 1 (30 kg)","11/2019",187.2
"FEIJÃO COMUM CORES TIPO 1 (30 kg)","12/2019",195.3
"FEIJÃO COMUM CORES TIPO 1 (30 kg)","01/2020",155.7
"FEIJÃO COMUM CORES TIPO 1 (30 kg)","02/2020",156.2
"FEIJÃO COMUM CORES TIPO 1 (30 kg)","03/2020",202.35
"FEIJÃO COMUM CORES TIPO 1 (30 kg)","04/2020",221.3
"FEIJÃO COMUM CORES TIPO 1 (30 kg)","05/2020",285.15
"FEIJÃO COMUM CORES TIPO 1 (30 kg)","06/2020",262.8
"FEIJÃO COMUM CORES TIPO 1 (30 kg)","07/2020",243.6
"FEIJÃO COMUM CORES TIPO 1 (30 kg)","08/2020",188.1
"FEIJÃO COMUM CORES TIPO 1 (30 kg)","09/2020",205.9
"FEIJÃO COMUM CORES TIPO 1 (30 kg)","10/2020",196.9
"FEIJÃO COMUM CORES TIPO 1 (30 kg)","11/2020",206.3
"FEIJÃO COMUM CORES TIPO 1 (30 kg)","12/2020",194.24
"FEIJÃO COMUM CORES TIPO 1 (30 kg)","01/2021",191.22
"FEIJÃO COMUM CORES TIPO 1 (30 kg)","02/2021",204.53
"FEIJÃO COMUM CORES TIPO 1 (30 kg)","03/2021",205.67
"FEIJÃO COMUM CORES TIPO 1 (30 kg)","04/2021",210.85
"FEIJÃO COMUM CORES TIPO 1 (30 kg)","05/2021",211.1
"FEIJÃO COMUM CORES TIPO 1 (30 kg)","06/2021",200.32
"FEIJÃO COMUM CORES TIPO 1 (30 kg)","07/2021",199.47
"FEIJÃO COMUM CORES TIPO 1 (30 kg)","08/2021",196.13
"FEIJÃO COMUM CORES TIPO 1 (30 kg)","09/2021",208.78
"FEIJÃO COMUM CORES TIPO 1 (30 kg)","10/2021",204.32
"FEIJÃO COMUM CORES TIPO 1 (30 kg)","11/2021",191.2
"FEIJÃO COMUM CORES TIPO 1 (30 kg)","12/2021",192.46
"FEIJÃO COMUM CORES TIPO 1 (30 kg)","01/2022",193.84
"FEIJÃO COMUM CORES TIPO 1 (30 kg)","02/2022",206.81
"FEIJÃO COMUM CORES TIPO 1 (30 kg)","03/2022",227.73
"FEIJÃO COMUM CORES TIPO 1 (30 kg)","04/2022",229.97
"FEIJÃO COMUM CORES TIPO 1 (30 kg)","05/2022",250.5
"FEIJÃO COMUM CORES TIPO 1 (30 kg)","06/2022",282.85
"FEIJÃO COMUM PRETO TIPO 1 (30 kg)","01/2018",115.5
"FEIJÃO COMUM PRETO TIPO 1 (30 kg)","02/2018",110.3
"FEIJÃO COMUM PRETO TIPO 1 (30 kg)","03/2018",110.7
"FEIJÃO COMUM PRETO TIPO 1 (30 kg)","04/2018",103.2
"FEIJÃO COMUM PRETO TIPO 1 (30 kg)","05/2018",110.8
"FEIJÃO COMUM PRETO TIPO 1 (30 kg)","06/2018",107.2
"FEIJÃO COMUM PRETO TIPO 1 (30 kg)","07/2018",110.7
"FEIJÃO COMUM PRETO TIPO 1 (30 kg)","08/2018",110.9
"FEIJÃO COMUM PRETO TIPO 1 (30 kg)","09/2018",120.4
"FEIJÃO COMUM PRETO TIPO 1 (30 kg)","10/2018",107.35
"FEIJÃO COMUM PRETO TIPO 1 (30 kg)","11/2018",118.4
"FEIJÃO COMUM PRETO TIPO 1 (30 kg)","12/2018",121.7
"FEIJÃO COMUM PRETO TIPO 1 (30 kg)","01/2019",127.3
"FEIJÃO COMUM PRETO TIPO 1 (30 kg)","02/2019",178.4
"FEIJÃO COMUM PRETO TIPO 1 (30 kg)","03/2019",188.7
"FEIJÃO COMUM PRETO TIPO 1 (30 kg)","04/2019",148.7
"FEIJÃO COMUM PRETO TIPO 1 (30 kg)","05/2019",149.9
"FEIJÃO COMUM PRETO TIPO 1 (30 kg)","06/2019",133.9
"FEIJÃO COMUM PRETO TIPO 1 (30 kg)","07/2019",129.3
"FEIJÃO COMUM PRETO TIPO 1 (30 kg)","08/2019",120.7
"FEIJÃO COMUM PRETO TIPO 1 (30 kg)","09/2019",124.7
"FEIJÃO COMUM PRETO TIPO 1 (30 kg)","10/2019",121.65
"FEIJÃO COMUM PRETO TIPO 1 (30 kg)","11/2019",121.3
"FEIJÃO COMUM PRETO TIPO 1 (30 kg)","12/2019",130.5
"FEIJÃO COMUM PRETO TIPO 1 (30 kg)","01/2020",119.7
"FEIJÃO COMUM PRETO TIPO 1 (30 kg)","02/2020",123.3
"FEIJÃO COMUM PRETO TIPO 1 (30 kg)","03/2020",143.7
"FEIJÃO COMUM PRETO TIPO 1 (30 kg)","04/2020",170.7
"FEIJÃO COMUM PRETO TIPO 1 (30 kg)","05/2020",196.55
"FEIJÃO COMUM PRETO TIPO 1 (30 kg)","06/2020",235.7
"FEIJÃO COMUM PRETO TIPO 1 (30 kg)","07/2020",215.8
"FEIJÃO COMUM PRETO TIPO 1 (30 kg)","08/2020",208.9
"FEIJÃO COMUM PRETO TIPO 1 (30 kg)","09/2020",213.3
"FEIJÃO COMUM PRETO TIPO 1 (30 kg)","10/2020",204.7
"FEIJÃO COMUM PRETO TIPO 1 (30 kg)","11/2020",204.7
"FEIJÃO COMUM PRETO TIPO 1 (30 kg)","12/2020",220.66
"FEIJÃO COMUM PRETO TIPO 1 (30 kg)","01/2021",220.99
"FEIJÃO COMUM PRETO TIPO 1 (30 kg)","02/2021",229.13
"FEIJÃO COMUM PRETO TIPO 1 (30 kg)","03/2021",237.41
"FEIJÃO COMUM PRETO TIPO 1 (30 kg)","04/2021",244.91
"FEIJÃO COMUM PRETO TIPO 1 (30 kg)","05/2021",248.4
"FEIJÃO COMUM PRETO TIPO 1 (30 kg)","06/2021",232.19
"FEIJÃO COMUM PRETO TIPO 1 (30 kg)","07/2021",222.75
"FEIJÃO COMUM PRETO TIPO 1 (30 kg)","08/2021",214.43
"FEIJÃO COMUM PRETO TIPO 1 (30 kg)","09/2021",218.2
"FEIJÃO COMUM PRETO TIPO 1 (30 kg)","10/2021",206.9
"FEIJÃO COMUM PRETO TIPO 1 (30 kg)","11/2021",204.83
"FEIJÃO COMUM PRETO TIPO 1 (30 kg)","12/2021",214.92
"FEIJÃO COMUM PRETO TIPO 1 (30 kg)","01/2022",213.58
"FEIJÃO COMUM PRETO TIPO 1 (30 kg)","02/2022",224.89
"FEIJÃO COMUM PRETO TIPO 1 (30 kg)","03/2022",236.97
"FEIJÃO COMUM PRETO TIPO 1 (30 kg)","04/2022",226.53
"FEIJÃO COMUM PRETO TIPO 1 (30 kg)","05/2022",227.25
"FEIJÃO COMUM PRETO TIPO 1 (30 kg)","06/2022",222.53
"FLOCOS DE MILHO ENRIQUECIDO (kg)","01/2018",3.99
"FLOCOS DE MILHO ENRIQUECIDO (kg)","02/2018",3.28
"FLOCOS DE MILHO ENRIQUECIDO (kg)","03/2018",3.38
"FLOCOS DE MILHO ENRIQUECIDO (kg)","04/2018",2.75
"FLOCOS DE MILHO ENRIQUECIDO (kg)","05/2018",3.91
"FLOCOS DE MILHO ENRIQUECIDO (kg)","06/2018",3.69
"FLOCOS DE MILHO ENRIQUECIDO (kg)","07/2018",3.8
"FLOCOS DE MILHO ENRIQUECIDO (kg)","08/2018",3.55
"FLOCOS DE MILHO ENRIQUECIDO (kg)","09/2018",3.47
"FLOCOS DE MILHO ENRIQUECIDO (kg)","10/2018",3.51
"FLOCOS DE MILHO ENRIQUECIDO (kg)","11/2018",3.57
"FLOCOS DE MILHO ENRIQUECIDO (kg)","12/2018",4.08
"FLOCOS DE MILHO ENRIQUECIDO (kg)","01/2019",4.5
"FLOCOS DE MILHO ENRIQUECIDO (kg)","02/2019",4.27
"FLOCOS DE MILHO ENRIQUECIDO (kg)","03/2019",4.47
"FLOCOS DE MILHO ENRIQUECIDO (kg)","04/2019",4.33
"FLOCOS DE MILHO ENRIQUECIDO (kg)","05/2019",4.27
"FLOCOS DE MILHO ENRIQUECIDO (kg)","06/2019",4.16
"FLOCOS DE MILHO ENRIQUECIDO (kg)","07/2019",4.38
"FLOCOS DE MILHO ENRIQUECIDO (kg)","08/2019",4.09
"FLOCOS DE MILHO ENRIQUECIDO (kg)","09/2019",4.38
"FLOCOS DE MILHO ENRIQUECIDO (kg)","10/2019",4.43
"FLOCOS DE MILHO ENRIQUECIDO (kg)","11/2019",4.46
"FLOCOS DE MILHO ENRIQUECIDO (kg)","12/2019",4.18
"FLOCOS DE MILHO ENRIQUECIDO (kg)","01/2020",4.1
"FLOCOS DE MILHO ENRIQUECIDO (kg)","02/2020",4.18
"FLOCOS DE MILHO ENRIQUECIDO (kg)","03/2020",4.84
"FLOCOS DE MILHO ENRIQUECIDO (kg)","04/2020",4.58
"FLOCOS DE MILHO ENRIQUECIDO (kg)","05/2020",4.59
"FLOCOS DE MILHO ENRIQUECIDO (kg)","06/2020",4.73
"FLOCOS DE MILHO ENRIQUECIDO (kg)","07/2020",4.15
"FLOCOS DE MILHO ENRIQUECIDO (kg)","08/2020",4.21
"FLOCOS DE MILHO ENRIQUECIDO (kg)","09/2020",4.82
"FLOCOS DE MILHO ENRIQUECIDO (kg)","10/2020",4.65
"FLOCOS DE MILHO ENRIQUECIDO (kg)","11/2020",4.48
"FLOCOS DE MILHO ENRIQUECIDO (kg)","12/2020",4.39
"FLOCOS DE MILHO ENRIQUECIDO (kg)","01/2021",5
"FLOCOS DE MILHO ENRIQUECIDO (kg)","02/2021",4.83
"FLOCOS DE MILHO ENRIQUECIDO (kg)","03/2021",4.89
"FLOCOS DE MILHO ENRIQUECIDO (kg)","04/2021",5.76
"FLOCOS DE MILHO ENRIQUECIDO (kg)","05/2021",5.48
"FLOCOS DE MILHO ENRIQUECIDO (kg)","06/2021",5.51
"FLOCOS DE MILHO ENRIQUECIDO (kg)","07/2021",6.24
"FLOCOS DE MILHO ENRIQUECIDO (kg)","08/2021",6.96
"FLOCOS DE MILHO ENRIQUECIDO (kg)","09/2021",6.44
"FLOCOS DE MILHO ENRIQUECIDO (kg)","10/2021",6.92
"FLOCOS DE MILHO ENRIQUECIDO (kg)","11/2021",6.88
"FLOCOS DE MILHO ENRIQUECIDO (kg)","12/2021",6.45
"FLOCOS DE MILHO ENRIQUECIDO (kg)","01/2022",6.53
"FLOCOS DE MILHO ENRIQUECIDO (kg)","02/2022",7.05
"FLOCOS DE MILHO ENRIQUECIDO (kg)","03/2022",6.98
"FLOCOS DE MILHO ENRIQUECIDO (kg)","04/2022",7.62
"FLOCOS DE MILHO ENRIQUECIDO (kg)","05/2022",7.58
"FLOCOS DE MILHO ENRIQUECIDO (kg)","06/2022",7.94
"FUBÁ DE MILHO COMUM MIMOSO (kg)","01/2018",3.11
"FUBÁ DE MILHO COMUM MIMOSO (kg)","02/2018",3.94
"FUBÁ DE MILHO COMUM MIMOSO (kg)","03/2018",3.75
"FUBÁ DE MILHO COMUM MIMOSO (kg)","04/2018",3.33
"FUBÁ DE MILHO COMUM MIMOSO (kg)","05/2018",3.58
"FUBÁ DE MILHO COMUM MIMOSO (kg)","06/2018",3.05
"FUBÁ DE MILHO COMUM MIMOSO (kg)","07/2018",2.7
"FUBÁ DE MILHO COMUM MIMOSO (kg)","08/2018",2.94
"FUBÁ DE MILHO COMUM MIMOSO (kg)","09/2018",3.18
"FUBÁ DE MILHO COMUM MIMOSO (kg)","10/2018",2.78
"FUBÁ DE MILHO COMUM MIMOSO (kg)","11/2018",2.67
"FUBÁ DE MILHO COMUM MIMOSO (kg)","12/2018",2.85
"FUBÁ DE MILHO COMUM MIMOSO (kg)","01/2019",2.62
"FUBÁ DE MILHO COMUM MIMOSO (kg)","02/2019",2.59
"FUBÁ DE MILHO COMUM MIMOSO (kg)","03/2019",2.65
"FUBÁ DE MILHO COMUM MIMOSO (kg)","04/2019",2.63
"FUBÁ DE MILHO COMUM MIMOSO (kg)","05/2019",2.46
"FUBÁ DE MILHO COMUM MIMOSO (kg)","06/2019",2.52
"FUBÁ DE MILHO COMUM MIMOSO (kg)","07/2019",2.34
"FUBÁ DE MILHO COMUM MIMOSO (kg)","08/2019",2.25
"FUBÁ DE MILHO COMUM MIMOSO (kg)","09/2019",2.46
"FUBÁ DE MILHO COMUM MIMOSO (kg)","10/2019",2.28
"FUBÁ DE MILHO COMUM MIMOSO (kg)","11/2019",2.5
"FUBÁ DE MILHO COMUM MIMOSO (kg)","12/2019",2.37
"FUBÁ DE MILHO COMUM MIMOSO (kg)","01/2020",2.4
"FUBÁ DE MILHO COMUM MIMOSO (kg)","02/2020",2.37
"FUBÁ DE MILHO COMUM MIMOSO (kg)","03/2020",2.44
"FUBÁ DE MILHO COMUM MIMOSO (kg)","04/2020",2.34
"FUBÁ DE MILHO COMUM MIMOSO (kg)","05/2020",2.22
"FUBÁ DE MILHO COMUM MIMOSO (kg)","06/2020",2.89
"FUBÁ DE MILHO COMUM MIMOSO (kg)","07/2020",2.54
"FUBÁ DE MILHO COMUM MIMOSO (kg)","08/2020",2.7
"FUBÁ DE MILHO COMUM MIMOSO (kg)","09/2020",2.54
"FUBÁ DE MILHO COMUM MIMOSO (kg)","10/2020",2.5
"FUBÁ DE MILHO COMUM MIMOSO (kg)","11/2020",2.49
"FUBÁ DE MILHO COMUM MIMOSO (kg)","12/2020",2.66
"FUBÁ DE MILHO COMUM MIMOSO (kg)","01/2021",2.71
"FUBÁ DE MILHO COMUM MIMOSO (kg)","02/2021",2.76
"FUBÁ DE MILHO COMUM MIMOSO (kg)","03/2021",2.94
"FUBÁ DE MILHO COMUM MIMOSO (kg)","04/2021",3.11
"FUBÁ DE MILHO COMUM MIMOSO (kg)","05/2021",3.73
"FUBÁ DE MILHO COMUM MIMOSO (kg)","06/2021",3.79
"FUBÁ DE MILHO COMUM MIMOSO (kg)","07/2021",3.7
"FUBÁ DE MILHO COMUM MIMOSO (kg)","08/2021",4.12
"FUBÁ DE MILHO COMUM MIMOSO (kg)","09/2021",4.21
"FUBÁ DE MILHO COMUM MIMOSO (kg)","10/2021",4.13
"FUBÁ DE MILHO COMUM MIMOSO (kg)","11/2021",4.35
"FUBÁ DE MILHO COMUM MIMOSO (kg)","12/2021",5.18
"FUBÁ DE MILHO COMUM MIMOSO (kg)","01/2022",4.98
"FUBÁ DE MILHO COMUM MIMOSO (kg)","02/2022",4.65
"FUBÁ DE MILHO COMUM MIMOSO (kg)","03/2022",4.9
"FUBÁ DE MILHO COMUM MIMOSO (kg)","04/2022",5.2
"FUBÁ DE MILHO COMUM MIMOSO (kg)","05/2022",5.5
"FUBÁ DE MILHO COMUM MIMOSO (kg)","06/2022",5.47
"FUBÁ DE MILHO ENRIQUECIDO (kg)","01/2018",3.11
"FUBÁ DE MILHO ENRIQUECIDO (kg)","02/2018",3.94
"FUBÁ DE MILHO ENRIQUECIDO (kg)","03/2018",3.75
"FUBÁ DE MILHO ENRIQUECIDO (kg)","04/2018",3.33
"FUBÁ DE MILHO ENRIQUECIDO (kg)","05/2018",3.58
"FUBÁ DE MILHO ENRIQUECIDO (kg)","06/2018",3.05
"FUBÁ DE MILHO ENRIQUECIDO (kg)","07/2018",2.7
"FUBÁ DE MILHO ENRIQUECIDO (kg)","08/2018",2.94
"FUBÁ DE MILHO ENRIQUECIDO (kg)","09/2018",3.18
"FUBÁ DE MILHO ENRIQUECIDO (kg)","10/2018",2.78
"FUBÁ DE MILHO ENRIQUECIDO (kg)","11/2018",2.67
"FUBÁ DE MILHO ENRIQUECIDO (kg)","12/2018",2.85
"FUBÁ DE MILHO ENRIQUECIDO (kg)","01/2019",2.62
"FUBÁ DE MILHO ENRIQUECIDO (kg)","02/2019",2.59
"FUBÁ DE MILHO ENRIQUECIDO (kg)","03/2019",2.65
"FUBÁ DE MILHO ENRIQUECIDO (kg)","04/2019",2.63
"FUBÁ DE MILHO ENRIQUECIDO (kg)","05/2019",2.46
"FUBÁ DE MILHO ENRIQUECIDO (kg)","06/2019",2.52
"FUBÁ DE MILHO ENRIQUECIDO (kg)","07/2019",2.34
"FUBÁ DE MILHO ENRIQUECIDO (kg)","08/2019",2.25
"FUBÁ DE MILHO ENRIQUECIDO (kg)","09/2019",2.46
"FUBÁ DE MILHO ENRIQUECIDO (kg)","10/2019",2.28
"FUBÁ DE MILHO ENRIQUECIDO (kg)","11/2019",2.5
"FUBÁ DE MILHO ENRIQUECIDO (kg)","12/2019",2.37
"FUBÁ DE MILHO ENRIQUECIDO (kg)","01/2020",2.4
"FUBÁ DE MILHO ENRIQUECIDO (kg)","02/2020",2.37
"FUBÁ DE MILHO ENRIQUECIDO (kg)","03/2020",2.44
"FUBÁ DE MILHO ENRIQUECIDO (kg)","04/2020",2.34
"FUBÁ DE MILHO ENRIQUECIDO (kg)","05/2020",2.22
"FUBÁ DE MILHO ENRIQUECIDO (kg)","06/2020",2.89
"FUBÁ DE MILHO ENRIQUECIDO (kg)","07/2020",2.54
"FUBÁ DE MILHO ENRIQUECIDO (kg)","08/2020",2.7
"FUBÁ DE MILHO ENRIQUECIDO (kg)","09/2020",2.54
"FUBÁ DE MILHO ENRIQUECIDO (kg)","10/2020",2.5
"FUBÁ DE MILHO ENRIQUECIDO (kg)","11/2020",2.49
"INHAME (kg)","01/2018",3.79
"INHAME (kg)","02/2018",3.37
"INHAME (kg)","03/2018",2.96
"INHAME (kg)","04/2018",2.87
"INHAME (kg)","05/2018",2.54
"INHAME (kg)","06/2018",2.5
"INHAME (kg)","07/2018",2.23
"INHAME (kg)","08/2018",2.21
"INHAME (kg)","09/2018",2.21
"INHAME (kg)","10/2018",2.67
"INHAME (kg)","11/2018",3.34
"INHAME (kg)","12/2018",3.37
"INHAME (kg)","01/2019",3.26
"INHAME (kg)","02/2019",3.24
"LARANJA PERA (kg)","01/2018",1.46
"LARANJA PERA (kg)","02/2018",1.67
"LARANJA PERA (kg)","03/2018",2.07
"LARANJA PERA (kg)","04/2018",2.06
"LARANJA PERA (kg)","05/2018",1.85
"LARANJA PERA (kg)","06/2018",1.78
"LARANJA PERA (kg)","07/2018",1.58
"LARANJA PERA (kg)","08/2018",1.81
"LARANJA PERA (kg)","09/2018",1.78
"LARANJA PERA (kg)","10/2018",1.88
"LARANJA PERA (kg)","11/2018",1.88
"LARANJA PERA (kg)","12/2018",1.77
"LARANJA PERA (kg)","01/2019",1.78
"LARANJA PERA (kg)","02/2019",2
"LEITE DE VACA EM PÓ INTEGRAL (kg)","01/2018",18.48
"LEITE DE VACA EM PÓ INTEGRAL (kg)","02/2018",18.44
"LEITE DE VACA EM PÓ INTEGRAL (kg)","03/2018",19.22
"LEITE DE VACA EM PÓ INTEGRAL (kg)","04/2018",18.35
"LEITE DE VACA EM PÓ INTEGRAL (kg)","05/2018",19.57
"LEITE DE VACA EM PÓ INTEGRAL (kg)","06/2018",16.78
"LEITE DE VACA EM PÓ INTEGRAL (kg)","07/2018",20.54
"LEITE DE VACA EM PÓ INTEGRAL (kg)","08/2018",21.78
"LEITE DE VACA EM PÓ INTEGRAL (kg)","09/2018",23.37
"LEITE DE VACA EM PÓ INTEGRAL (kg)","10/2018",22.21
"LEITE DE VACA EM PÓ INTEGRAL (kg)","11/2018",22.49
"LEITE DE VACA EM PÓ INTEGRAL (kg)","12/2018",23.37
"LEITE DE VACA EM PÓ INTEGRAL (kg)","01/2019",23.98
"LEITE DE VACA EM PÓ INTEGRAL (kg)","02/2019",22.95
"LEITE DE VACA EM PÓ INTEGRAL (kg)","03/2019",21.35
"LEITE DE VACA EM PÓ INTEGRAL (kg)","04/2019",21.95
"LEITE DE VACA EM PÓ INTEGRAL (kg)","05/2019",23.53
"LEITE DE VACA EM PÓ INTEGRAL (kg)","06/2019",21.83
"LEITE DE VACA EM PÓ INTEGRAL (kg)","07/2019",21.83
"LEITE DE VACA EM PÓ INTEGRAL (kg)","08/2019",23.01
"LEITE DE VACA EM PÓ INTEGRAL (kg)","09/2019",22.41
"LEITE DE VACA EM PÓ INTEGRAL (kg)","10/2019",21.95
"LEITE DE VACA EM PÓ INTEGRAL (kg)","11/2019",20.04
"LEITE DE VACA EM PÓ INTEGRAL (kg)","12/2019",21.94
"LEITE DE VACA EM PÓ INTEGRAL (kg)","01/2020",22.41
"LEITE DE VACA EM PÓ INTEGRAL (kg)","02/2020",22.58
"LEITE DE VACA EM PÓ INTEGRAL (kg)","03/2020",25.87
"LEITE DE VACA EM PÓ INTEGRAL (kg)","04/2020",24.23
"LEITE DE VACA EM PÓ INTEGRAL (kg)","05/2020",27.06
"LEITE DE VACA EM PÓ INTEGRAL (kg)","06/2020",26.48
"LEITE DE VACA EM PÓ INTEGRAL (kg)","07/2020",27.65
"LEITE DE VACA EM PÓ INTEGRAL (kg)","08/2020",26.25
"LEITE DE VACA EM PÓ INTEGRAL (kg)","09/2020",30.68
"LEITE DE VACA EM PÓ INTEGRAL (kg)","10/2020",30.4
"LEITE DE VACA EM PÓ INTEGRAL (kg)","11/2020",28.23
"LEITE DE VACA EM PÓ INTEGRAL (kg)","12/2020",26.57
"LEITE DE VACA EM PÓ INTEGRAL (kg)","01/2021",27.05
"LEITE DE VACA EM PÓ INTEGRAL (kg)","02/2021",27.55
"LEITE DE VACA EM PÓ INTEGRAL (kg)","03/2021",27.38
"LEITE DE VACA EM PÓ INTEGRAL (kg)","04/2021",28.4
"LEITE DE VACA EM PÓ INTEGRAL (kg)","05/2021",27.97
"LEITE DE VACA EM PÓ INTEGRAL (kg)","06/2021",28
"LEITE DE VACA EM PÓ INTEGRAL (kg)","07/2021",28.78
"LEITE DE VACA EM PÓ INTEGRAL (kg)","08/2021",29.49
"LEITE DE VACA EM PÓ INTEGRAL (kg)","09/2021",30.91
"LEITE DE VACA EM PÓ INTEGRAL (kg)","10/2021",29.98
"LEITE DE VACA EM PÓ INTEGRAL (kg)","11/2021",30.67
"LEITE DE VACA EM PÓ INTEGRAL (kg)","12/2021",28.88
"LEITE DE VACA EM PÓ INTEGRAL (kg)","01/2022",28.88
"LEITE DE VACA EM PÓ INTEGRAL (kg)","02/2022",28.91
"LEITE DE VACA EM PÓ INTEGRAL (kg)","03/2022",30.58
"LEITE DE VACA EM PÓ INTEGRAL (kg)","04/2022",29.97
"LEITE DE VACA EM PÓ INTEGRAL (kg)","05/2022",33.69
"LEITE DE VACA EM PÓ INTEGRAL (kg)","06/2022",37.06
"LEITE DE VACA LONGA VIDA INTEGRAL (12 l)","01/2018",26.28
"LEITE DE VACA LONGA VIDA INTEGRAL (12 l)","02/2018",29
"LEITE DE VACA LONGA VIDA INTEGRAL (12 l)","03/2018",30.18
"LEITE DE VACA LONGA VIDA INTEGRAL (12 l)","04/2018",33.32
"LEITE DE VACA LONGA VIDA INTEGRAL (12 l)","05/2018",32.88
"LEITE DE VACA LONGA VIDA INTEGRAL (12 l)","06/2018",44.52
"LEITE DE VACA LONGA VIDA INTEGRAL (12 l)","07/2018",40.12
"LEITE DE VACA LONGA VIDA INTEGRAL (12 l)","08/2018",41.56
"LEITE DE VACA LONGA VIDA INTEGRAL (12 l)","09/2018",37.75
"LEITE DE VACA LONGA VIDA INTEGRAL (12 l)","10/2018",34.37
"LEITE DE VACA LONGA VIDA INTEGRAL (12 l)","11/2018",30.44
"LEITE DE VACA LONGA VIDA INTEGRAL (12 l)","12/2018",30.36
"LEITE DE VACA LONGA VIDA INTEGRAL (12 l)","01/2019",32.48
"LEITE DE VACA LONGA VIDA INTEGRAL (12 l)","02/2019",32.28
"LEITE DE VACA LONGA VIDA INTEGRAL (12 l)","03/2019",31.08
"LEITE DE VACA LONGA VIDA INTEGRAL (12 l)","04/2019",33.56
"LEITE DE VACA LONGA VIDA INTEGRAL (12 l)","05/2019",34.12
"LEITE DE VACA LONGA VIDA INTEGRAL (12 l)","06/2019",31.88
"LEITE DE VACA LONGA VIDA INTEGRAL (12 l)","07/2019",31.96
"LEITE DE VACA LONGA VIDA INTEGRAL (12 l)","08/2019",34.12
"LEITE DE VACA LONGA VIDA INTEGRAL (12 l)","09/2019",33.08
"LEITE DE VACA LONGA VIDA INTEGRAL (12 l)","10/2019",31.8
"LEITE DE VACA LONGA VIDA INTEGRAL (12 l)","11/2019",33.88
"LEITE DE VACA LONGA VIDA INTEGRAL (12 l)","12/2019",32.6
"LEITE DE VACA LONGA VIDA INTEGRAL (12 l)","01/2020",31.48
"LEITE DE VACA LONGA VIDA INTEGRAL (12 l)","02/2020",32.12
"LEITE DE VACA LONGA VIDA INTEGRAL (12 l)","03/2020",37.96
"LEITE DE VACA LONGA VIDA INTEGRAL (12 l)","04/2020",39.6
"LEITE DE VACA LONGA VIDA INTEGRAL (12 l)","05/2020",41.62
"LEITE DE VACA LONGA VIDA INTEGRAL (12 l)","06/2020",42.92
"LEITE DE VACA LONGA VIDA INTEGRAL (12 l)","07/2020",43.08
"LEITE DE VACA LONGA VIDA INTEGRAL (12 l)","08/2020",45.6
"LEITE DE VACA LONGA VIDA INTEGRAL (12 l)","09/2020",43.38
"LEITE DE VACA LONGA VIDA INTEGRAL (12 l)","10/2020",42.76
"LEITE DE VACA LONGA VIDA INTEGRAL (12 l)","11/2020",42.68
"LEITE DE VACA LONGA VIDA INTEGRAL (12 l)","12/2020",42.82
"LEITE DE VACA LONGA VIDA INTEGRAL (12 l)","01/2021",40.9
"LEITE DE VACA LONGA VIDA INTEGRAL (12 l)","02/2021",39.06
"LEITE DE VACA LONGA VIDA INTEGRAL (12 l)","03/2021",41.14
"LEITE DE VACA LONGA VIDA INTEGRAL (12 l)","04/2021",42.25
"LEITE DE VACA LONGA VIDA INTEGRAL (12 l)","05/2021",43.22
"LEITE DE VACA LONGA VIDA INTEGRAL (12 l)","06/2021",48.44
"LEITE DE VACA LONGA VIDA INTEGRAL (12 l)","07/2021",46.67
"LEITE DE VACA LONGA VIDA INTEGRAL (12 l)","08/2021",46.72
"LEITE DE VACA LONGA VIDA INTEGRAL (12 l)","09/2021",47.14
"LEITE DE VACA LONGA VIDA INTEGRAL (12 l)","10/2021",46.3
"LEITE DE VACA LONGA VIDA INTEGRAL (12 l)","11/2021",44.25
"LEITE DE VACA LONGA VIDA INTEGRAL (12 l)","12/2021",42.79
"LEITE DE VACA LONGA VIDA INTEGRAL (12 l)","01/2022",42.92
"LEITE DE VACA LONGA VIDA INTEGRAL (12 l)","02/2022",44.71
"LEITE DE VACA LONGA VIDA INTEGRAL (12 l)","03/2022",50.7
"LEITE DE VACA LONGA VIDA INTEGRAL (12 l)","04/2022",55.85
"LEITE DE VACA LONGA VIDA INTEGRAL (12 l)","05/2022",59.82
"LEITE DE VACA LONGA VIDA INTEGRAL (12 l)","06/2022",66.67
"LEITE DE VACA TIPO C (l)","01/2018",2.55
"LEITE DE VACA TIPO C (l)","02/2018",2.55
"LEITE DE VACA TIPO C (l)","03/2018",2.55
"LEITE DE VACA TIPO C (l)","04/2018",2.56
"MAÇÃ NACIONAL (kg)","01/2018",4.25
"MAÇÃ NACIONAL (kg)","02/2018",6.22
"MAÇÃ NACIONAL (kg)","03/2018",5.58
"MAÇÃ NACIONAL (kg)","04/2018",5.37
"MAÇÃ NACIONAL (kg)","05/2018",5.16
"MAÇÃ NACIONAL (kg)","06/2018",5.36
"MAÇÃ NACIONAL (kg)","07/2018",5.34
"MAÇÃ NACIONAL (kg)","08/2018",5.36
"MAÇÃ NACIONAL (kg)","09/2018",5.51
"MAÇÃ NACIONAL (kg)","10/2018",5.66
"MAÇÃ NACIONAL (kg)","11/2018",5.73
"MAÇÃ NACIONAL (kg)","12/2018",5.79
"MAÇÃ NACIONAL (kg)","01/2019",6.33
"MAÇÃ NACIONAL (kg)","02/2019",6.72
"MACARRÃO ESPAGUETE SÊMOLA COM OVOS (500 g)","11/2020",2.01
"MACARRÃO ESPAGUETE SÊMOLA COM OVOS (500 g)","12/2020",2.25
"MACARRÃO ESPAGUETE SÊMOLA COM OVOS (500 g)","01/2021",2.16
"MACARRÃO ESPAGUETE SÊMOLA COM OVOS (500 g)","02/2021",2.19
"MACARRÃO ESPAGUETE SÊMOLA COM OVOS (500 g)","03/2021",2.21
"MACARRÃO ESPAGUETE SÊMOLA COM OVOS (500 g)","04/2021",2.81
"MACARRÃO ESPAGUETE SÊMOLA COM OVOS (500 g)","05/2021",2.57
"MACARRÃO ESPAGUETE SÊMOLA COM OVOS (500 g)","06/2021",2.63
"MACARRÃO ESPAGUETE SÊMOLA COM OVOS (500 g)","07/2021",2.85
"MACARRÃO ESPAGUETE SÊMOLA COM OVOS (500 g)","08/2021",2.91
"MACARRÃO ESPAGUETE SÊMOLA COM OVOS (500 g)","09/2021",3.07
"MACARRÃO ESPAGUETE SÊMOLA COM OVOS (500 g)","10/2021",3.06
"MACARRÃO ESPAGUETE SÊMOLA COM OVOS (500 g)","11/2021",3.05
"MACARRÃO ESPAGUETE SÊMOLA COM OVOS (500 g)","12/2021",3.71
"MACARRÃO ESPAGUETE SÊMOLA COM OVOS (500 g)","01/2022",2.99
"MACARRÃO ESPAGUETE SÊMOLA COM OVOS (500 g)","02/2022",3.27
"MACARRÃO ESPAGUETE SÊMOLA COM OVOS (500 g)","03/2022",3.17
"MACARRÃO ESPAGUETE SÊMOLA COM OVOS (500 g)","04/2022",3.11
"MACARRÃO ESPAGUETE SÊMOLA COM OVOS (500 g)","05/2022",3.27
"MACARRÃO ESPAGUETE SÊMOLA COM OVOS (500 g)","06/2022",3.49
"MAMÃO FORMOSA (kg)","01/2018",2.49
"MAMÃO FORMOSA (kg)","02/2018",2.5
"MAMÃO FORMOSA (kg)","03/2018",3.5
"MAMÃO FORMOSA (kg)","04/2018",3.95
"MAMÃO FORMOSA (kg)","05/2018",2.9
"MAMÃO FORMOSA (kg)","06/2018",3.01
"MAMÃO FORMOSA (kg)","07/2018",2.68
"MAMÃO FORMOSA (kg)","08/2018",3.09
"MAMÃO FORMOSA (kg)","09/2018",3.17
"MAMÃO FORMOSA (kg)","10/2018",2.86
"MAMÃO FORMOSA (kg)","11/2018",2.88
"MAMÃO FORMOSA (kg)","12/2018",3.22
"MAMÃO FORMOSA (kg)","01/2019",3
"MAMÃO FORMOSA (kg)","02/2019",3.28
"MARACUJÁ AZEDO (kg)","01/2018",4.35
"MARACUJÁ AZEDO (kg)","02/2018",3.86
"MARACUJÁ AZEDO (kg)","03/2018",3.73
"MARACUJÁ AZEDO (kg)","04/2018",3.05
"MARACUJÁ AZEDO (kg)","05/2018",4.44
"MARACUJÁ AZEDO (kg)","06/2018",3.72
"MARACUJÁ AZEDO (kg)","07/2018",3.3
"MARACUJÁ AZEDO (kg)","08/2018",3.47
"MARACUJÁ AZEDO (kg)","09/2018",3.88
"MARACUJÁ AZEDO (kg)","10/2018",4.68
"MARACUJÁ AZEDO (kg)","11/2018",6.57
"MARACUJÁ AZEDO (kg)","12/2018",7.54
"MARACUJÁ AZEDO (kg)","01/2019",4.9
"MARACUJÁ AZEDO (kg)","02/2019",5.35
"MILHO EM GRÃOS (60 kg)","03/2020",55.39
"MILHO EM GRÃOS (60 kg)","04/2020",49.66
"MILHO EM GRÃOS (60 kg)","05/2020",48.26
"MILHO EM GRÃOS (60 kg)","06/2020",45.23
"MILHO EM GRÃOS (60 kg)","07/2020",47.01
"MILHO EM GRÃOS (60 kg)","08/2020",54.3
"MILHO EM GRÃOS (60 kg)","09/2020",57.15
"MILHO EM GRÃOS (60 kg)","10/2020",68.86
"MILHO EM GRÃOS (60 kg)","11/2020",76.84
"MILHO EM GRÃOS (60 kg)","12/2020",70.89
"MILHO EM GRÃOS (60 kg)","01/2021",80.91
"MILHO EM GRÃOS (60 kg)","02/2021",80.03
"MILHO EM GRÃOS (60 kg)","03/2021",87.28
"MILHO EM GRÃOS (60 kg)","04/2021",94.38
"MILHO EM GRÃOS (60 kg)","05/2021",99.82
"MILHO EM GRÃOS (60 kg)","06/2021",92.09
"MILHO EM GRÃOS (60 kg)","07/2021",95.08
"MILHO EM GRÃOS (60 kg)","08/2021",94.21
"MILHO EM GRÃOS (60 kg)","09/2021",90.15
"MILHO EM GRÃOS (60 kg)","10/2021",86.64
"MILHO EM GRÃOS (60 kg)","11/2021",82.96
"MILHO EM GRÃOS (60 kg)","12/2021",87.03
"MILHO EM GRÃOS (60 kg)","01/2022",95.41
"MILHO EM GRÃOS (60 kg)","02/2022",96.67
"MILHO EM GRÃOS (60 kg)","03/2022",97.36
"MILHO EM GRÃOS (60 kg)","04/2022",87.42
"MILHO EM GRÃOS (60 kg)","05/2022",87.39
"MILHO EM GRÃOS (60 kg)","06/2022",87.33
"OLEO DE SOJA REFINADO (900 ml)","11/2020",7.38
"OLEO DE SOJA REFINADO (900 ml)","12/2020",7.29
"OLEO DE SOJA REFINADO (900 ml)","01/2021",7.04
"OLEO DE SOJA REFINADO (900 ml)","02/2021",6.78
"OLEO DE SOJA REFINADO (900 ml)","03/2021",6.9
"OLEO DE SOJA REFINADO (900 ml)","04/2021",7.34
"OLEO DE SOJA REFINADO (900 ml)","05/2021",7.43
"OLEO DE SOJA REFINADO (900 ml)","06/2021",7.66
"OLEO DE SOJA REFINADO (900 ml)","07/2021",7.31
"OLEO DE SOJA REFINADO (900 ml)","08/2021",7.5
"OLEO DE SOJA REFINADO (900 ml)","09/2021",7.65
"OLEO DE SOJA REFINADO (900 ml)","10/2021",7.76
"OLEO DE SOJA REFINADO (900 ml)","11/2021",8.13
"OLEO DE SOJA REFINADO (900 ml)","12/2021",8.55
"OLEO DE SOJA REFINADO (900 ml)","01/2022",8.29
"OLEO DE SOJA REFINADO (900 ml)","02/2022",8.42
"OLEO DE SOJA REFINADO (900 ml)","03/2022",9.38
"OLEO DE SOJA REFINADO (900 ml)","04/2022",9.84
"OLEO DE SOJA REFINADO (900 ml)","05/2022",10.02
"OLEO DE SOJA REFINADO (900 ml)","06/2022",9.82
"OVOS DE GALINHA GRANDE BRANCO (30 dz)","01/2018",77.79
"OVOS DE GALINHA GRANDE BRANCO (30 dz)","02/2018",89.87
"OVOS DE GALINHA GRANDE BRANCO (30 dz)","03/2018",93
"OVOS DE GALINHA GRANDE BRANCO (30 dz)","04/2018",91.11
"OVOS DE GALINHA GRANDE BRANCO (30 dz)","05/2018",83.4
"OVOS DE GALINHA GRANDE BRANCO (30 dz)","06/2018",96.9
"OVOS DE GALINHA GRANDE BRANCO (30 dz)","07/2018",92.45
"OVOS DE GALINHA GRANDE BRANCO (30 dz)","08/2018",85.16
"OVOS DE GALINHA GRANDE BRANCO (30 dz)","09/2018",84.5
"OVOS DE GALINHA GRANDE BRANCO (30 dz)","10/2018",72.27
"OVOS DE GALINHA GRANDE BRANCO (30 dz)","11/2018",78.65
"OVOS DE GALINHA GRANDE BRANCO (30 dz)","12/2018",79.36
"OVOS DE GALINHA GRANDE BRANCO (30 dz)","01/2019",77.16
"OVOS DE GALINHA GRANDE BRANCO (30 dz)","02/2019",108.9
"OVOS DE GALINHA GRANDE BRANCO (30 dz)","03/2019",103.45
"OVOS DE GALINHA GRANDE BRANCO (30 dz)","04/2019",104.95
"OVOS DE GALINHA GRANDE BRANCO (30 dz)","05/2019",101.12
"OVOS DE GALINHA GRANDE BRANCO (30 dz)","06/2019",108.88
"OVOS DE GALINHA GRANDE BRANCO (30 dz)","07/2019",95.02
"OVOS DE GALINHA GRANDE BRANCO (30 dz)","08/2019",104.37
"OVOS DE GALINHA GRANDE BRANCO (30 dz)","09/2019",97.25
"OVOS DE GALINHA GRANDE BRANCO (30 dz)","10/2019",95.55
"OVOS DE GALINHA GRANDE BRANCO (30 dz)","11/2019",98.95
"OVOS DE GALINHA GRANDE BRANCO (30 dz)","12/2019",101.96
"OVOS DE GALINHA GRANDE BRANCO (30 dz)","01/2020",106.1
"OVOS DE GALINHA GRANDE BRANCO (30 dz)","02/2020",113.47
"OVOS DE GALINHA GRANDE BRANCO (30 dz)","03/2020",113.38
"OVOS DE GALINHA GRANDE BRANCO (30 dz)","04/2020",115.9
"OVOS DE GALINHA GRANDE BRANCO (30 dz)","05/2020",124.2
"OVOS DE GALINHA GRANDE BRANCO (30 dz)","06/2020",125.77
"OVOS DE GALINHA GRANDE BRANCO (30 dz)","07/2020",126.82
"OVOS DE GALINHA GRANDE BRANCO (30 dz)","08/2020",111.29
"OVOS DE GALINHA GRANDE BRANCO (30 dz)","09/2020",92.8
"OVOS DE GALINHA GRANDE BRANCO (30 dz)","10/2020",107.48
"OVOS DE GALINHA GRANDE BRANCO (30 dz)","11/2020",114.99
"OVOS DE GALINHA GRANDE BRANCO (30 dz)","12/2020",120.16
"OVOS DE GALINHA GRANDE BRANCO (30 dz)","01/2021",114.7
"OVOS DE GALINHA GRANDE BRANCO (30 dz)","02/2021",127.68
"OVOS DE GALINHA GRANDE BRANCO (30 dz)","03/2021",143.88
"OVOS DE GALINHA GRANDE BRANCO (30 dz)","04/2021",159.64
"OVOS DE GALINHA GRANDE BRANCO (30 dz)","05/2021",159.41
"OVOS DE GALINHA GRANDE BRANCO (30 dz)","06/2021",133.49
"OVOS DE GALINHA GRANDE BRANCO (30 dz)","07/2021",139.48
"OVOS DE GALINHA GRANDE BRANCO (30 dz)","08/2021",153.84
"OVOS DE GALINHA GRANDE BRANCO (30 dz)","09/2021",157.77
"OVOS DE GALINHA GRANDE BRANCO (30 dz)","10/2021",157.46
"OVOS DE GALINHA GRANDE BRANCO (30 dz)","11/2021",143.87
"OVOS DE GALINHA GRANDE BRANCO (30 dz)","12/2021",148.12
"OVOS DE GALINHA GRANDE BRANCO (30 dz)","01/2022",129.79
"OVOS DE GALINHA GRANDE BRANCO (30 dz)","02/2022",145.53
"OVOS DE GALINHA GRANDE BRANCO (30 dz)","03/2022",167.25
"OVOS DE GALINHA GRANDE BRANCO (30 dz)","04/2022",172.81
"OVOS DE GALINHA GRANDE BRANCO (30 dz)","05/2022",171.77
"OVOS DE GALINHA GRANDE BRANCO (30 dz)","06/2022",170.47
"PIMENTÃO VERDE (kg)","01/2018",2.33
"PIMENTÃO VERDE (kg)","02/2018",2.94
"PIMENTÃO VERDE (kg)","03/2018",2.67
"PIMENTÃO VERDE (kg)","04/2018",2.87
"PIMENTÃO VERDE (kg)","05/2018",2.38
"PIMENTÃO VERDE (kg)","06/2018",2.08
"PIMENTÃO VERDE (kg)","07/2018",1.99
"PIMENTÃO VERDE (kg)","08/2018",2.45
"PIMENTÃO VERDE (kg)","09/2018",2.64
"PIMENTÃO VERDE (kg)","10/2018",3.27
"PIMENTÃO VERDE (kg)","11/2018",3.52
"PIMENTÃO VERDE (kg)","12/2018",2.96
"PIMENTÃO VERDE (kg)","01/2019",2.73
"PIMENTÃO VERDE (kg)","02/2019",3.36
"QUIABO (kg)","01/2018",5.73
"QUIABO (kg)","02/2018",4.65
"QUIABO (kg)","03/2018",4.62
"QUIABO (kg)","04/2018",4.95
"QUIABO (kg)","05/2018",5.41
"QUIABO (kg)","06/2018",5.74
"QUIABO (kg)","07/2018",6.13
"QUIABO (kg)","08/2018",7.2
"QUIABO (kg)","09/2018",5.97
"QUIABO (kg)","10/2018",5.93
"QUIABO (kg)","11/2018",5.37
"QUIABO (kg)","12/2018",4.29
"QUIABO (kg)","01/2019",4.21
"QUIABO (kg)","02/2019",4.51
"TANGERINA (kg)","01/2018",2.55
"TANGERINA (kg)","02/2018",3.14
"TANGERINA (kg)","03/2018",4.24
"TANGERINA (kg)","04/2018",2.57
"TANGERINA (kg)","05/2018",1.92
"TANGERINA (kg)","06/2018",2.09
"TANGERINA (kg)","07/2018",2.68
"TANGERINA (kg)","08/2018",3.72
"TANGERINA (kg)","09/2018",2.54
"TANGERINA (kg)","10/2018",2.85
"TANGERINA (kg)","11/2018",3.46
"TANGERINA (kg)","12/2018",3.71
"TANGERINA (kg)","01/2019",3.05
"TANGERINA (kg)","02/2019",3.32
"TOMATE (kg)","01/2018",3.66
"TOMATE (kg)","02/2018",3.66
"TOMATE (kg)","03/2018",3.85
"TOMATE (kg)","04/2018",3.76
"TOMATE (kg)","05/2018",3.73
"TOMATE (kg)","06/2018",2.71
"TOMATE (kg)","07/2018",2.19
"TOMATE (kg)","08/2018",2.36
"TOMATE (kg)","09/2018",2.52
"TOMATE (kg)","10/2018",4.91
"TOMATE (kg)","11/2018",4.74
"TOMATE (kg)","12/2018",4.23
"TOMATE (kg)","01/2019",3.49
"TOMATE (kg)","02/2019",3.67
