"Ano","M�s","Classifica��o or�ament�ria","Secretaria","Fun��o","Subfun��o","Natureza da despesa","Fonte de recurso","Empenhado (R$)","Liquidado  (R$)","Pago  (R$)"
"2015","02","05.10.3.1.90.11.04.122.0002.2.002.01.110000","Gabinete do Prefeito","ADMINISTRA��O","ADMINISTRA��O GERAL","VENCIMENTOS E VANTAGENS FIXAS -  PESSOAL CIVIL","TESOURO","435.033,23","435.033,23","435.033,23"
"2015","02","05.10.3.1.90.16.04.122.0002.2.002.01.110000","Gabinete do Prefeito","ADMINISTRA��O","ADMINISTRA��O GERAL","OUTRAS DESPESAS VARI�VEIS - PESSOAL CIVIL","TESOURO","30.824,97","30.824,97","30.824,97"
"2015","02","05.10.3.3.90.30.04.122.0002.2.002.01.110000","Gabinete do Prefeito","ADMINISTRA��O","ADMINISTRA��O GERAL","MATERIAL DE CONSUMO","TESOURO","577,00","115,50","115,50"
"2015","02","05.10.3.3.90.30.08.244.0003.2.006.01.510000","Gabinete do Prefeito","ASSIST�NCIA SOCIAL","ASSIST�NCIA COMUNIT�RIA","MATERIAL DE CONSUMO","TESOURO","4.500,80","700,80","0,00"
"2015","02","05.10.3.3.90.36.04.122.0002.2.002.01.110000","Gabinete do Prefeito","ADMINISTRA��O","ADMINISTRA��O GERAL","OUTROS SERVI�OS DE TERCEIROS - PESSOA F�SICA","TESOURO","0,00","21.001,09","21.001,09"
"2015","02","05.10.3.3.90.39.04.122.0002.2.002.01.110000","Gabinete do Prefeito","ADMINISTRA��O","ADMINISTRA��O GERAL","OUTROS SERVI�OS DE TERCEIROS -  PESSOA JUR�DICA","TESOURO","89.660,26","89.717,24","10.580,46"
"2015","02","05.10.3.3.90.39.04.122.0002.2.003.01.110000","Gabinete do Prefeito","ADMINISTRA��O","ADMINISTRA��O GERAL","OUTROS SERVI�OS DE TERCEIROS -  PESSOA JUR�DICA","TESOURO","7.000,00","7.000,00","5.000,00"
"2015","02","05.10.3.3.90.39.08.244.0003.2.006.01.510000","Gabinete do Prefeito","ASSIST�NCIA SOCIAL","ASSIST�NCIA COMUNIT�RIA","OUTROS SERVI�OS DE TERCEIROS -  PESSOA JUR�DICA","TESOURO","7.948,80","2.253,62","521,83"
"2015","02","05.20.3.3.90.30.04.122.0002.2.005.01.110000","Gabinete do Prefeito","ADMINISTRA��O","ADMINISTRA��O GERAL","MATERIAL DE CONSUMO","TESOURO","9.300,70","8.538,50","3.201,00"
"2015","02","05.20.3.3.90.39.04.122.0002.2.005.01.110000","Gabinete do Prefeito","ADMINISTRA��O","ADMINISTRA��O GERAL","OUTROS SERVI�OS DE TERCEIROS -  PESSOA JUR�DICA","TESOURO","117.790,96","165.177,94","34.750,00"
"2015","02","05.30.3.3.50.39.04.122.0004.2.007.01.110000","Gabinete do Prefeito","ADMINISTRA��O","ADMINISTRA��O GERAL","OUTROS SERVI�OS DE TERCEIROS -PESSOA JUR�DICA","TESOURO","0,00","1.512.874,00","1.597.474,00"
"2015","02","10.10.3.1.90.11.04.122.0006.2.002.01.110000","SECRETARIA DE GOVERNO","ADMINISTRA��O","ADMINISTRA��O GERAL","VENCIMENTOS E VANTAGENS FIXAS -  PESSOAL CIVIL","TESOURO","236.085,59","236.085,59","236.085,59"
"2015","02","10.10.3.1.90.16.04.122.0006.2.002.01.110000","SECRETARIA DE GOVERNO","ADMINISTRA��O","ADMINISTRA��O GERAL","OUTRAS DESPESAS VARI�VEIS - PESSOAL CIVIL","TESOURO","11.671,47","11.671,47","11.671,47"
"2015","02","10.10.3.3.90.30.04.122.0006.2.002.01.110000","SECRETARIA DE GOVERNO","ADMINISTRA��O","ADMINISTRA��O GERAL","MATERIAL DE CONSUMO","TESOURO","69.439,09","2.024,11","329,90"
"2015","02","10.10.3.3.90.36.04.122.0006.2.002.01.110000","SECRETARIA DE GOVERNO","ADMINISTRA��O","ADMINISTRA��O GERAL","OUTROS SERVI�OS DE TERCEIROS - PESSOA F�SICA","TESOURO","0,00","6.610,58","6.610,58"
"2015","02","10.10.3.3.90.39.04.122.0006.2.002.01.110000","SECRETARIA DE GOVERNO","ADMINISTRA��O","ADMINISTRA��O GERAL","OUTROS SERVI�OS DE TERCEIROS -  PESSOA JUR�DICA","TESOURO","11.296,50","21.578,08","5.628,68"
"2015","02","10.10.3.3.90.39.04.122.0006.2.003.01.110000","SECRETARIA DE GOVERNO","ADMINISTRA��O","ADMINISTRA��O GERAL","OUTROS SERVI�OS DE TERCEIROS -  PESSOA JUR�DICA","TESOURO","2.000,00","2.000,00","2.000,00"
"2015","02","10.10.3.3.90.39.04.122.0006.2.010.01.110000","SECRETARIA DE GOVERNO","ADMINISTRA��O","ADMINISTRA��O GERAL","OUTROS SERVI�OS DE TERCEIROS -  PESSOA JUR�DICA","TESOURO","0,00","1.500,00","1.500,00"
"2015","02","10.10.3.3.90.39.04.122.0006.2.011.01.110000","SECRETARIA DE GOVERNO","ADMINISTRA��O","ADMINISTRA��O GERAL","OUTROS SERVI�OS DE TERCEIROS -  PESSOA JUR�DICA","TESOURO","97.703,08","293.438,20","289.675,39"
"2015","02","10.30.3.3.90.39.04.122.0006.2.012.01.110000","SECRETARIA DE GOVERNO","ADMINISTRA��O","ADMINISTRA��O GERAL","OUTROS SERVI�OS DE TERCEIROS -  PESSOA JUR�DICA","TESOURO","0,00","140.567,96","176.272,32"
"2015","02","15.10.3.1.90.11.04.122.0007.2.002.01.110000","SECRETARIA DE ASSUNTOS JUR�DICOS","ADMINISTRA��O","ADMINISTRA��O GERAL","VENCIMENTOS E VANTAGENS FIXAS -  PESSOAL CIVIL","TESOURO","411.357,16","411.357,16","411.357,16"
"2015","02","15.10.3.1.90.16.04.122.0007.2.002.01.110000","SECRETARIA DE ASSUNTOS JUR�DICOS","ADMINISTRA��O","ADMINISTRA��O GERAL","OUTRAS DESPESAS VARI�VEIS - PESSOAL CIVIL","TESOURO","81.967,42","81.967,42","81.967,42"
"2015","02","15.10.3.3.90.30.04.122.0007.2.002.01.110000","SECRETARIA DE ASSUNTOS JUR�DICOS","ADMINISTRA��O","ADMINISTRA��O GERAL","MATERIAL DE CONSUMO","TESOURO","0,00","77,00","0,00"
"2015","02","15.10.3.3.90.36.04.122.0007.2.002.01.110000","SECRETARIA DE ASSUNTOS JUR�DICOS","ADMINISTRA��O","ADMINISTRA��O GERAL","OUTROS SERVI�OS DE TERCEIROS - PESSOA F�SICA","TESOURO","0,00","31.030,62","31.030,62"
"2015","02","15.10.3.3.90.36.04.122.0007.2.013.01.110000","SECRETARIA DE ASSUNTOS JUR�DICOS","ADMINISTRA��O","ADMINISTRA��O GERAL","OUTROS SERVI�OS DE TERCEIROS - PESSOA F�SICA","TESOURO","43.923,42","43.923,42","43.923,42"
"2015","02","15.10.3.3.90.36.04.122.0007.2.014.01.110000","SECRETARIA DE ASSUNTOS JUR�DICOS","ADMINISTRA��O","ADMINISTRA��O GERAL","OUTROS SERVI�OS DE TERCEIROS - PESSOA F�SICA","TESOURO","1.530,00","1.530,00","3.786,93"
"2015","02","15.10.3.3.90.39.04.122.0007.2.002.01.110000","SECRETARIA DE ASSUNTOS JUR�DICOS","ADMINISTRA��O","ADMINISTRA��O GERAL","OUTROS SERVI�OS DE TERCEIROS -  PESSOA JUR�DICA","TESOURO","237.290,40","3.290,40","984,40"
"2015","02","15.10.3.3.90.39.04.122.0007.2.003.01.110000","SECRETARIA DE ASSUNTOS JUR�DICOS","ADMINISTRA��O","ADMINISTRA��O GERAL","OUTROS SERVI�OS DE TERCEIROS -  PESSOA JUR�DICA","TESOURO","7.074,00","7.074,00","7.074,00"
"2015","02","15.10.3.3.90.39.04.122.0007.2.014.01.110000","SECRETARIA DE ASSUNTOS JUR�DICOS","ADMINISTRA��O","ADMINISTRA��O GERAL","OUTROS SERVI�OS DE TERCEIROS -  PESSOA JUR�DICA","TESOURO","7.278,90","6.658,14","4.808,14"
"2015","02","15.10.4.4.90.52.04.122.0007.2.014.01.110000","SECRETARIA DE ASSUNTOS JUR�DICOS","ADMINISTRA��O","ADMINISTRA��O GERAL","EQUIPAMENTOS E MATERIAL PERMANENTE","TESOURO","241,00","0,00","0,00"
"2015","02","20.10.3.3.90.14.04.122.0008.2.003.01.110000","SECRETARIA DE ADMINISTRA��O","ADMINISTRA��O","ADMINISTRA��O GERAL","DI�RIAS - PESSOAL CIVIL","TESOURO","300,00","300,00","300,00"
"2015","02","20.10.3.3.90.30.04.122.0008.2.002.01.110000","SECRETARIA DE ADMINISTRA��O","ADMINISTRA��O","ADMINISTRA��O GERAL","MATERIAL DE CONSUMO","TESOURO","69.825,40","185.605,79","407.921,85"
"2015","02","20.10.3.3.90.36.04.122.0008.2.002.01.110000","SECRETARIA DE ADMINISTRA��O","ADMINISTRA��O","ADMINISTRA��O GERAL","OUTROS SERVI�OS DE TERCEIROS - PESSOA F�SICA","TESOURO","-680,56","76.323,79","76.323,79"
"2015","02","20.10.3.3.90.39.04.122.0008.2.002.01.110000","SECRETARIA DE ADMINISTRA��O","ADMINISTRA��O","ADMINISTRA��O GERAL","OUTROS SERVI�OS DE TERCEIROS -  PESSOA JUR�DICA","TESOURO","17.388,95","12.901,06","3.293,06"
"2015","02","20.10.3.3.90.39.04.122.0008.2.003.01.110000","SECRETARIA DE ADMINISTRA��O","ADMINISTRA��O","ADMINISTRA��O GERAL","OUTROS SERVI�OS DE TERCEIROS -  PESSOA JUR�DICA","TESOURO","2.500,00","2.500,00","0,00"
"2015","02","20.10.3.3.90.39.04.122.0008.2.010.01.110000","SECRETARIA DE ADMINISTRA��O","ADMINISTRA��O","ADMINISTRA��O GERAL","OUTROS SERVI�OS DE TERCEIROS -  PESSOA JUR�DICA","TESOURO","0,00","20.000,00","19.763,69"
"2015","02","20.10.3.3.90.39.04.122.0008.2.011.01.110000","SECRETARIA DE ADMINISTRA��O","ADMINISTRA��O","ADMINISTRA��O GERAL","OUTROS SERVI�OS DE TERCEIROS -  PESSOA JUR�DICA","TESOURO","289.521,73","229.535,00","185.383,20"
"2015","02","20.10.3.3.90.39.04.122.0008.2.024.01.110000","SECRETARIA DE ADMINISTRA��O","ADMINISTRA��O","ADMINISTRA��O GERAL","OUTROS SERVI�OS DE TERCEIROS -  PESSOA JUR�DICA","TESOURO","0,00","1.675.824,78","1.675.824,78"
"2015","02","20.10.3.3.90.93.04.122.0008.2.011.01.110000","SECRETARIA DE ADMINISTRA��O","ADMINISTRA��O","ADMINISTRA��O GERAL","INDENIZA��ES E RESTITUI��ES","TESOURO","60.000,00","60.000,00","60.000,00"
"2015","02","20.20.3.1.90.11.04.122.0008.2.020.01.110000","SECRETARIA DE ADMINISTRA��O","ADMINISTRA��O","ADMINISTRA��O GERAL","VENCIMENTOS E VANTAGENS FIXAS -  PESSOAL CIVIL","TESOURO","849.511,50","849.511,50","849.511,50"
"2015","02","20.20.3.1.90.16.04.122.0008.2.020.01.110000","SECRETARIA DE ADMINISTRA��O","ADMINISTRA��O","ADMINISTRA��O GERAL","OUTRAS DESPESAS VARI�VEIS - PESSOAL CIVIL","TESOURO","105.521,87","105.521,87","105.521,87"
"2015","02","20.60.3.3.90.39.24.126.0010.2.025.01.110000","SECRETARIA DE ADMINISTRA��O","COMUNICA��ES","TECNOLOGIA DA INFORMA��O","OUTROS SERVI�OS DE TERCEIROS -  PESSOA JUR�DICA","TESOURO","0,00","58.950,00","0,00"
"2015","02","25.10.3.1.90.11.04.122.0011.2.002.01.110000","SECRETARIA DA FAZENDA","ADMINISTRA��O","ADMINISTRA��O GERAL","VENCIMENTOS E VANTAGENS FIXAS -  PESSOAL CIVIL","TESOURO","648.785,84","648.785,84","648.785,84"
"2015","02","25.10.3.1.90.16.04.122.0011.2.002.01.110000","SECRETARIA DA FAZENDA","ADMINISTRA��O","ADMINISTRA��O GERAL","OUTRAS DESPESAS VARI�VEIS - PESSOAL CIVIL","TESOURO","258.170,51","258.170,51","258.170,51"
"2015","02","25.10.3.3.90.30.04.122.0011.2.002.01.110000","SECRETARIA DA FAZENDA","ADMINISTRA��O","ADMINISTRA��O GERAL","MATERIAL DE CONSUMO","TESOURO","1.138,25","2.233,71","320,10"
"2015","02","25.10.3.3.90.31.04.122.0011.2.002.01.110000","SECRETARIA DA FAZENDA","ADMINISTRA��O","ADMINISTRA��O GERAL","PREMIA��ES CULTURAIS, ART�STICAS, CIENT�FICAS, DESPORTIVAS E OUTRAS","TESOURO","-285,71","-285,71","-285,71"
"2015","02","25.10.3.3.90.36.04.122.0011.2.002.01.110000","SECRETARIA DA FAZENDA","ADMINISTRA��O","ADMINISTRA��O GERAL","OUTROS SERVI�OS DE TERCEIROS - PESSOA F�SICA","TESOURO","0,00","27.060,08","27.060,08"
"2015","02","25.10.3.3.90.39.04.122.0011.2.002.01.110000","SECRETARIA DA FAZENDA","ADMINISTRA��O","ADMINISTRA��O GERAL","OUTROS SERVI�OS DE TERCEIROS -  PESSOA JUR�DICA","TESOURO","4.289,70","4.289,70","4.515,70"
"2015","02","25.10.3.3.90.39.04.122.0011.2.003.01.110000","SECRETARIA DA FAZENDA","ADMINISTRA��O","ADMINISTRA��O GERAL","OUTROS SERVI�OS DE TERCEIROS -  PESSOA JUR�DICA","TESOURO","3.375,02","3.375,02","3.375,02"
"2015","02","25.10.3.3.90.39.04.122.0011.2.011.01.110000","SECRETARIA DA FAZENDA","ADMINISTRA��O","ADMINISTRA��O GERAL","OUTROS SERVI�OS DE TERCEIROS -  PESSOA JUR�DICA","TESOURO","223.234,55","4.790,48","0,00"
"2015","02","25.10.3.3.90.92.04.122.0011.2.002.01.110000","SECRETARIA DA FAZENDA","ADMINISTRA��O","ADMINISTRA��O GERAL","DESPESAS DE EXERC�CIOS ANTERIORES","TESOURO","21.458,96","21.458,96","21.458,96"
"2015","02","25.10.4.4.90.52.04.122.0011.2.002.01.110000","SECRETARIA DA FAZENDA","ADMINISTRA��O","ADMINISTRA��O GERAL","EQUIPAMENTOS E MATERIAL PERMANENTE","TESOURO","278,00","0,00","0,00"
"2015","02","30.10.3.1.90.11.15.127.0015.2.002.01.110000","SECRETARIA DE PLANEJAMENTO URBANO","URBANISMO","ORDENAMENTO TERRITORIAL","VENCIMENTOS E VANTAGENS FIXAS -  PESSOAL CIVIL","TESOURO","332.772,70","332.772,70","332.772,70"
"2015","02","30.10.3.1.90.16.15.127.0015.2.002.01.110000","SECRETARIA DE PLANEJAMENTO URBANO","URBANISMO","ORDENAMENTO TERRITORIAL","OUTRAS DESPESAS VARI�VEIS - PESSOAL CIVIL","TESOURO","73.839,09","73.839,09","73.839,09"
"2015","02","30.10.3.3.90.30.15.127.0015.2.002.01.110000","SECRETARIA DE PLANEJAMENTO URBANO","URBANISMO","ORDENAMENTO TERRITORIAL","MATERIAL DE CONSUMO","TESOURO","-690,00","8.504,40","0,00"
"2015","02","30.10.3.3.90.36.15.127.0015.2.002.01.110000","SECRETARIA DE PLANEJAMENTO URBANO","URBANISMO","ORDENAMENTO TERRITORIAL","OUTROS SERVI�OS DE TERCEIROS - PESSOA F�SICA","TESOURO","0,00","16.815,71","16.815,71"
"2015","02","30.10.3.3.90.39.15.127.0015.2.002.01.110000","SECRETARIA DE PLANEJAMENTO URBANO","URBANISMO","ORDENAMENTO TERRITORIAL","OUTROS SERVI�OS DE TERCEIROS -  PESSOA JUR�DICA","TESOURO","165.493,93","3.618,32","0,00"
"2015","02","30.10.3.3.90.39.15.127.0015.2.003.01.110000","SECRETARIA DE PLANEJAMENTO URBANO","URBANISMO","ORDENAMENTO TERRITORIAL","OUTROS SERVI�OS DE TERCEIROS -  PESSOA JUR�DICA","TESOURO","2.000,00","2.000,00","0,00"
"2015","02","30.10.3.3.90.39.15.127.0015.2.010.01.110000","SECRETARIA DE PLANEJAMENTO URBANO","URBANISMO","ORDENAMENTO TERRITORIAL","OUTROS SERVI�OS DE TERCEIROS -  PESSOA JUR�DICA","TESOURO","0,00","0,00","4.881,85"
"2015","02","30.10.3.3.90.39.15.127.0015.2.024.01.110000","SECRETARIA DE PLANEJAMENTO URBANO","URBANISMO","ORDENAMENTO TERRITORIAL","OUTROS SERVI�OS DE TERCEIROS -  PESSOA JUR�DICA","TESOURO","37.975,05","116.937,76","58.468,88"
"2015","02","35.10.3.1.90.11.04.122.0019.2.002.01.110000","SECRETARIA DE OBRAS","ADMINISTRA��O","ADMINISTRA��O GERAL","VENCIMENTOS E VANTAGENS FIXAS -  PESSOAL CIVIL","TESOURO","272.247,61","272.247,61","272.247,61"
"2015","02","35.10.3.1.90.16.04.122.0019.2.002.01.110000","SECRETARIA DE OBRAS","ADMINISTRA��O","ADMINISTRA��O GERAL","OUTRAS DESPESAS VARI�VEIS - PESSOAL CIVIL","TESOURO","59.515,23","59.515,23","59.515,23"
"2015","02","35.10.3.3.90.36.04.122.0019.2.002.01.110000","SECRETARIA DE OBRAS","ADMINISTRA��O","ADMINISTRA��O GERAL","OUTROS SERVI�OS DE TERCEIROS - PESSOA F�SICA","TESOURO","0,00","17.020,88","17.020,88"
"2015","02","35.10.3.3.90.39.04.122.0019.2.002.01.110000","SECRETARIA DE OBRAS","ADMINISTRA��O","ADMINISTRA��O GERAL","OUTROS SERVI�OS DE TERCEIROS -  PESSOA JUR�DICA","TESOURO","2.598,31","1.665,39","0,00"
"2015","02","35.10.3.3.90.39.15.451.0019.2.024.01.110000","SECRETARIA DE OBRAS","URBANISMO","INFRA-ESTRUTURA URBANA","OUTROS SERVI�OS DE TERCEIROS -  PESSOA JUR�DICA","TESOURO","246.332,24","683.086,80","464.709,52"
"2015","02","35.10.3.3.90.39.15.451.0021.1.015.01.110000","SECRETARIA DE OBRAS","URBANISMO","INFRA-ESTRUTURA URBANA","OUTROS SERVI�OS DE TERCEIROS -  PESSOA JUR�DICA","TESOURO","112.000,00","112.000,00","112.000,00"
"2015","02","35.20.4.4.90.51.17.512.0020.1.013.01.110000","SECRETARIA DE OBRAS","SANEAMENTO","SANEAMENTO B�SICO URBANO","OBRAS E INSTALA��ES","TESOURO","86.920,75","0,00","0,00"
"2015","02","40.10.3.1.90.04.12.361.0027.2.045.01.220000","SECRETARIA DE EDUCA��O","EDUCA��O","ENSINO FUNDAMENTAL","CONTRATA��O POR TEMPO DETERMINADO","TESOURO","51.163,46","51.163,46","51.163,46"
"2015","02","40.10.3.1.90.04.12.365.0024.2.039.01.210000","SECRETARIA DE EDUCA��O","EDUCA��O","EDUCA��O INFANTIL","CONTRATA��O POR TEMPO DETERMINADO","TESOURO","51.585,02","51.585,02","51.585,02"
"2015","02","40.10.3.1.90.11.12.361.0022.2.046.01.220000","SECRETARIA DE EDUCA��O","EDUCA��O","ENSINO FUNDAMENTAL","VENCIMENTOS E VANTAGENS FIXAS -  PESSOAL CIVIL","TESOURO","1.153.770,54","1.153.770,54","1.147.987,84"
"2015","02","40.10.3.1.90.11.12.361.0027.2.045.01.220000","SECRETARIA DE EDUCA��O","EDUCA��O","ENSINO FUNDAMENTAL","VENCIMENTOS E VANTAGENS FIXAS -  PESSOAL CIVIL","TESOURO","297.605,47","297.605,47","297.605,47"
"2015","02","40.10.3.1.90.11.12.363.0029.2.048.01.200000","SECRETARIA DE EDUCA��O","EDUCA��O","ENSINO PROFISSIONAL","VENCIMENTOS E VANTAGENS FIXAS -  PESSOAL CIVIL","TESOURO","74.880,78","74.880,78","74.880,78"
"2015","02","40.10.3.1.90.11.12.365.0024.2.039.01.210000","SECRETARIA DE EDUCA��O","EDUCA��O","EDUCA��O INFANTIL","VENCIMENTOS E VANTAGENS FIXAS -  PESSOAL CIVIL","TESOURO","95.960,33","95.960,33","95.960,33"
"2015","02","40.10.3.1.90.11.12.365.0025.2.041.01.210000","SECRETARIA DE EDUCA��O","EDUCA��O","EDUCA��O INFANTIL","VENCIMENTOS E VANTAGENS FIXAS -  PESSOAL CIVIL","TESOURO","18.354,84","18.354,84","18.354,84"
"2015","02","40.10.3.1.90.13.12.361.0022.2.046.01.220000","SECRETARIA DE EDUCA��O","EDUCA��O","ENSINO FUNDAMENTAL","OBRIGA��ES PATRONAIS","TESOURO","38.854,26","38.854,26","38.854,26"
"2015","02","40.10.3.1.90.13.12.363.0029.2.048.01.200000","SECRETARIA DE EDUCA��O","EDUCA��O","ENSINO PROFISSIONAL","OBRIGA��ES PATRONAIS","TESOURO","1.771,16","1.771,16","1.771,16"
"2015","02","40.10.3.1.90.13.12.365.0024.2.039.01.210000","SECRETARIA DE EDUCA��O","EDUCA��O","EDUCA��O INFANTIL","OBRIGA��ES PATRONAIS","TESOURO","3.108,60","3.108,60","3.108,60"
"2015","02","40.10.3.1.90.16.12.361.0022.2.046.01.220000","SECRETARIA DE EDUCA��O","EDUCA��O","ENSINO FUNDAMENTAL","OUTRAS DESPESAS VARI�VEIS - PESSOAL CIVIL","TESOURO","140.205,46","140.205,46","140.205,46"
"2015","02","40.10.3.1.90.16.12.361.0027.2.045.01.220000","SECRETARIA DE EDUCA��O","EDUCA��O","ENSINO FUNDAMENTAL","OUTRAS DESPESAS VARI�VEIS - PESSOAL CIVIL","TESOURO","6.319,79","6.319,79","6.319,79"
"2015","02","40.10.3.1.90.16.12.363.0029.2.048.01.200000","SECRETARIA DE EDUCA��O","EDUCA��O","ENSINO PROFISSIONAL","OUTRAS DESPESAS VARI�VEIS - PESSOAL CIVIL","TESOURO","1.418,64","1.418,64","1.418,64"
"2015","02","40.10.3.1.90.16.12.365.0024.2.039.01.210000","SECRETARIA DE EDUCA��O","EDUCA��O","EDUCA��O INFANTIL","OUTRAS DESPESAS VARI�VEIS - PESSOAL CIVIL","TESOURO","4.263,23","4.263,23","4.263,23"
"2015","02","40.10.3.1.90.16.12.366.0026.2.043.01.220000","SECRETARIA DE EDUCA��O","EDUCA��O","EDUCA��O DE JOVENS E ADULTOS","OUTRAS DESPESAS VARI�VEIS - PESSOAL CIVIL","TESOURO","285,00","285,00","285,00"
"2015","02","40.10.3.1.90.94.12.361.0022.2.046.01.220000","SECRETARIA DE EDUCA��O","EDUCA��O","ENSINO FUNDAMENTAL","INDENIZA��ES E RESTITUI��ES TRABALHISTAS","TESOURO","8.457,38","8.457,38","8.457,38"
"2015","02","40.10.3.1.90.94.12.361.0027.2.045.01.220000","SECRETARIA DE EDUCA��O","EDUCA��O","ENSINO FUNDAMENTAL","INDENIZA��ES E RESTITUI��ES TRABALHISTAS","TESOURO","4.361,25","4.361,25","4.361,25"
"2015","02","40.10.3.1.90.94.12.365.0025.2.041.01.210000","SECRETARIA DE EDUCA��O","EDUCA��O","EDUCA��O INFANTIL","INDENIZA��ES E RESTITUI��ES TRABALHISTAS","TESOURO","118,29","118,29","118,29"
"2015","02","40.10.3.1.90.96.12.361.0027.2.045.01.220000","SECRETARIA DE EDUCA��O","EDUCA��O","ENSINO FUNDAMENTAL","RESSARCIMENTO DE DESPESAS DE PESSOAL REQUISITADO","TESOURO","3.851,52","3.851,52","3.851,52"
"2015","02","40.10.3.1.91.13.12.361.0022.2.046.01.220000","SECRETARIA DE EDUCA��O","EDUCA��O","ENSINO FUNDAMENTAL","OBRIGA��ES PATRONAIS - INTRA-OR�AMENT�RIO","TESOURO","247.927,86","247.927,86","247.927,86"
"2015","02","40.10.3.1.91.13.12.361.0027.2.045.01.220000","SECRETARIA DE EDUCA��O","EDUCA��O","ENSINO FUNDAMENTAL","OBRIGA��ES PATRONAIS - INTRA-OR�AMENT�RIO","TESOURO","22.758,66","22.758,66","22.758,66"
"2015","02","40.10.3.1.91.13.12.363.0029.2.048.01.200000","SECRETARIA DE EDUCA��O","EDUCA��O","ENSINO PROFISSIONAL","OBRIGA��ES PATRONAIS - INTRA-OR�AMENT�RIO","TESOURO","14.689,38","14.689,38","14.689,38"
"2015","02","40.10.3.1.91.13.12.365.0024.2.039.01.210000","SECRETARIA DE EDUCA��O","EDUCA��O","EDUCA��O INFANTIL","OBRIGA��ES PATRONAIS - INTRA-OR�AMENT�RIO","TESOURO","19.187,48","19.187,48","19.187,48"
"2015","02","40.10.3.1.91.13.12.365.0025.2.041.01.210000","SECRETARIA DE EDUCA��O","EDUCA��O","EDUCA��O INFANTIL","OBRIGA��ES PATRONAIS - INTRA-OR�AMENT�RIO","TESOURO","5.341,46","5.341,46","5.341,46"
"2015","02","40.10.3.3.50.43.12.365.0025.2.042.01.210000","SECRETARIA DE EDUCA��O","EDUCA��O","EDUCA��O INFANTIL","SUBVEN��ES SOCIAIS","TESOURO","0,00","1.511.711,75","1.309.025,48"
"2015","02","40.10.3.3.50.43.12.367.0028.2.047.01.240000","SECRETARIA DE EDUCA��O","EDUCA��O","EDUCA��O ESPECIAL","SUBVEN��ES SOCIAIS","TESOURO","0,00","13.409,80","3.831,37"
"2015","02","40.10.3.3.90.30.12.306.0030.2.049.05.220011","SECRETARIA DE EDUCA��O","EDUCA��O","ALIMENTA��O E NUTRI��O","MATERIAL DE CONSUMO","TRANSFERENCIAS E CONVENIOS FEDERAIS - VINCULADOS","1.318.333,12","608.363,03","416.751,67"
"2015","02","40.10.3.3.90.30.12.306.0030.2.049.05.220032","SECRETARIA DE EDUCA��O","EDUCA��O","ALIMENTA��O E NUTRI��O","MATERIAL DE CONSUMO","TRANSFERENCIAS E CONVENIOS FEDERAIS - VINCULADOS","98.634,80","75.492,44","23.205,44"
"2015","02","40.10.3.3.90.30.12.361.0022.2.046.01.220000","SECRETARIA DE EDUCA��O","EDUCA��O","ENSINO FUNDAMENTAL","MATERIAL DE CONSUMO","TESOURO","13.683,40","8.324,69","1.816,37"
"2015","02","40.10.3.3.90.30.12.361.0027.2.045.01.220000","SECRETARIA DE EDUCA��O","EDUCA��O","ENSINO FUNDAMENTAL","MATERIAL DE CONSUMO","TESOURO","2.328.509,99","322.568,37","219.221,60"
"2015","02","40.10.3.3.90.30.12.361.0027.2.045.05.220032","SECRETARIA DE EDUCA��O","EDUCA��O","ENSINO FUNDAMENTAL","MATERIAL DE CONSUMO","TRANSFERENCIAS E CONVENIOS FEDERAIS - VINCULADOS","48.913,60","31.143,45","15.559,50"
"2015","02","40.10.3.3.90.30.12.365.0024.2.039.01.210000","SECRETARIA DE EDUCA��O","EDUCA��O","EDUCA��O INFANTIL","MATERIAL DE CONSUMO","TESOURO","741.855,43","0,00","0,00"
"2015","02","40.10.3.3.90.30.12.365.0025.2.003.01.210000","SECRETARIA DE EDUCA��O","EDUCA��O","EDUCA��O INFANTIL","MATERIAL DE CONSUMO","TESOURO","2.000,00","2.000,00","2.000,00"
"2015","02","40.10.3.3.90.30.12.365.0025.2.041.01.210000","SECRETARIA DE EDUCA��O","EDUCA��O","EDUCA��O INFANTIL","MATERIAL DE CONSUMO","TESOURO","141.810,06","0,00","0,00"
"2015","02","40.10.3.3.90.30.12.365.0025.2.041.05.210007","SECRETARIA DE EDUCA��O","EDUCA��O","EDUCA��O INFANTIL","MATERIAL DE CONSUMO","TRANSFERENCIAS E CONVENIOS FEDERAIS - VINCULADOS","1.117.390,80","0,00","0,00"
"2015","02","40.10.3.3.90.36.12.361.0022.2.046.01.220000","SECRETARIA DE EDUCA��O","EDUCA��O","ENSINO FUNDAMENTAL","OUTROS SERVI�OS DE TERCEIROS - PESSOA F�SICA","TESOURO","1.432,91","73.353,36","73.353,36"
"2015","02","40.10.3.3.90.36.12.361.0027.2.044.01.220000","SECRETARIA DE EDUCA��O","EDUCA��O","ENSINO FUNDAMENTAL","OUTROS SERVI�OS DE TERCEIROS - PESSOA F�SICA","TESOURO","3.262.504,00","42.543,44","40.873,44"
"2015","02","40.10.3.3.90.36.12.361.0027.2.044.02.220013","SECRETARIA DE EDUCA��O","EDUCA��O","ENSINO FUNDAMENTAL","OUTROS SERVI�OS DE TERCEIROS - PESSOA F�SICA","TRANSFERENCIAS E CONVENIOS ESTADUAIS - VINCULADOS","5.379.987,00","9.360,00","9.360,00"
"2015","02","40.10.3.3.90.36.12.361.0027.2.044.05.220007","SECRETARIA DE EDUCA��O","EDUCA��O","ENSINO FUNDAMENTAL","OUTROS SERVI�OS DE TERCEIROS - PESSOA F�SICA","TRANSFERENCIAS E CONVENIOS FEDERAIS - VINCULADOS","210.000,00","0,00","0,00"
"2015","02","40.10.3.3.90.36.12.361.0027.2.045.01.220000","SECRETARIA DE EDUCA��O","EDUCA��O","ENSINO FUNDAMENTAL","OUTROS SERVI�OS DE TERCEIROS - PESSOA F�SICA","TESOURO","4.737,94","289.185,27","335.391,27"
"2015","02","40.10.3.3.90.36.12.365.0024.2.039.01.210000","SECRETARIA DE EDUCA��O","EDUCA��O","EDUCA��O INFANTIL","OUTROS SERVI�OS DE TERCEIROS - PESSOA F�SICA","TESOURO","5.834,43","287.243,01","287.243,01"
"2015","02","40.10.3.3.90.36.12.365.0025.2.041.01.210000","SECRETARIA DE EDUCA��O","EDUCA��O","EDUCA��O INFANTIL","OUTROS SERVI�OS DE TERCEIROS - PESSOA F�SICA","TESOURO","3.415,48","83.585,19","83.585,19"
"2015","02","40.10.3.3.90.37.12.361.0027.2.024.01.220000","SECRETARIA DE EDUCA��O","EDUCA��O","ENSINO FUNDAMENTAL","LOCA��O DE M�O-DE-OBRA","TESOURO","0,00","1.529.694,82","184.644,51"
"2015","02","40.10.3.3.90.39.04.122.0022.2.036.01.110000","SECRETARIA DE EDUCA��O","ADMINISTRA��O","ADMINISTRA��O GERAL","OUTROS SERVI�OS DE TERCEIROS -  PESSOA JUR�DICA","TESOURO","0,00","1.126.500,00","375.500,00"
"2015","02","40.10.3.3.90.39.04.122.0022.2.181.01.220000","SECRETARIA DE EDUCA��O","ADMINISTRA��O","ADMINISTRA��O GERAL","OUTROS SERVI�OS DE TERCEIROS -  PESSOA JUR�DICA","TESOURO","169.840,62","169.840,62","169.840,62"
"2015","02","40.10.3.3.90.39.12.306.0030.2.049.05.220032","SECRETARIA DE EDUCA��O","EDUCA��O","ALIMENTA��O E NUTRI��O","OUTROS SERVI�OS DE TERCEIROS -  PESSOA JUR�DICA","TRANSFERENCIAS E CONVENIOS FEDERAIS - VINCULADOS","0,00","23.590,55","23.590,55"
"2015","02","40.10.3.3.90.39.12.361.0022.2.021.01.220000","SECRETARIA DE EDUCA��O","EDUCA��O","ENSINO FUNDAMENTAL","OUTROS SERVI�OS DE TERCEIROS -  PESSOA JUR�DICA","TESOURO","30.129,76","346.313,45","324.178,97"
"2015","02","40.10.3.3.90.39.12.361.0022.2.037.01.220000","SECRETARIA DE EDUCA��O","EDUCA��O","ENSINO FUNDAMENTAL","OUTROS SERVI�OS DE TERCEIROS -  PESSOA JUR�DICA","TESOURO","8.901,30","20.737,76","0,00"
"2015","02","40.10.3.3.90.39.12.361.0022.2.046.01.220000","SECRETARIA DE EDUCA��O","EDUCA��O","ENSINO FUNDAMENTAL","OUTROS SERVI�OS DE TERCEIROS -  PESSOA JUR�DICA","TESOURO","90.058,68","38.956,75","77.130,91"
"2015","02","40.10.3.3.90.39.12.361.0027.2.037.01.220000","SECRETARIA DE EDUCA��O","EDUCA��O","ENSINO FUNDAMENTAL","OUTROS SERVI�OS DE TERCEIROS -  PESSOA JUR�DICA","TESOURO","161.482,60","199.995,94","148.328,00"
"2015","02","40.10.3.3.90.39.12.361.0027.2.044.02.220013","SECRETARIA DE EDUCA��O","EDUCA��O","ENSINO FUNDAMENTAL","OUTROS SERVI�OS DE TERCEIROS -  PESSOA JUR�DICA","TRANSFERENCIAS E CONVENIOS ESTADUAIS - VINCULADOS","841.153,87","841.153,87","841.153,87"
"2015","02","40.10.3.3.90.39.12.361.0027.2.045.01.220000","SECRETARIA DE EDUCA��O","EDUCA��O","ENSINO FUNDAMENTAL","OUTROS SERVI�OS DE TERCEIROS -  PESSOA JUR�DICA","TESOURO","1.331.536,48","3.752.845,02","3.815.983,31"
"2015","02","40.10.3.3.90.39.12.361.0027.2.045.05.220032","SECRETARIA DE EDUCA��O","EDUCA��O","ENSINO FUNDAMENTAL","OUTROS SERVI�OS DE TERCEIROS -  PESSOA JUR�DICA","TRANSFERENCIAS E CONVENIOS FEDERAIS - VINCULADOS","34.352,00","431.519,79","251.872,72"
"2015","02","40.10.3.3.90.39.12.365.0024.1.017.01.210000","SECRETARIA DE EDUCA��O","EDUCA��O","EDUCA��O INFANTIL","OUTROS SERVI�OS DE TERCEIROS -  PESSOA JUR�DICA","TESOURO","1.417.814,00","0,00","0,00"
"2015","02","40.10.3.3.90.39.12.365.0024.2.010.01.210000","SECRETARIA DE EDUCA��O","EDUCA��O","EDUCA��O INFANTIL","OUTROS SERVI�OS DE TERCEIROS -  PESSOA JUR�DICA","TESOURO","66.787,59","15.736,37","8.050,10"
"2015","02","40.10.3.3.90.39.12.365.0024.2.037.01.210000","SECRETARIA DE EDUCA��O","EDUCA��O","EDUCA��O INFANTIL","OUTROS SERVI�OS DE TERCEIROS -  PESSOA JUR�DICA","TESOURO","53.295,60","68.517,11","0,00"
"2015","02","40.10.3.3.90.39.12.365.0025.2.003.01.210000","SECRETARIA DE EDUCA��O","EDUCA��O","EDUCA��O INFANTIL","OUTROS SERVI�OS DE TERCEIROS -  PESSOA JUR�DICA","TESOURO","2.000,00","2.000,00","2.000,00"
"2015","02","40.10.3.3.90.39.12.365.0025.2.037.01.210000","SECRETARIA DE EDUCA��O","EDUCA��O","EDUCA��O INFANTIL","OUTROS SERVI�OS DE TERCEIROS -  PESSOA JUR�DICA","TESOURO","0,00","7.151,20","0,00"
"2015","02","40.10.3.3.90.39.12.365.0025.2.041.01.210000","SECRETARIA DE EDUCA��O","EDUCA��O","EDUCA��O INFANTIL","OUTROS SERVI�OS DE TERCEIROS -  PESSOA JUR�DICA","TESOURO","1.480.001,88","105.788,11","105.788,11"
"2015","02","40.10.3.3.90.39.12.365.0025.2.041.05.210007","SECRETARIA DE EDUCA��O","EDUCA��O","EDUCA��O INFANTIL","OUTROS SERVI�OS DE TERCEIROS -  PESSOA JUR�DICA","TRANSFERENCIAS E CONVENIOS FEDERAIS - VINCULADOS","9.480,00","9.480,00","21.600,00"
"2015","02","40.10.3.3.90.46.12.361.0022.2.037.01.220000","SECRETARIA DE EDUCA��O","EDUCA��O","ENSINO FUNDAMENTAL","AUX�LIO ALIMENTA��O","TESOURO","120.122,00","120.122,00","120.122,00"
"2015","02","40.10.3.3.90.46.12.361.0027.2.037.01.220000","SECRETARIA DE EDUCA��O","EDUCA��O","ENSINO FUNDAMENTAL","AUX�LIO ALIMENTA��O","TESOURO","865.912,00","865.912,00","865.912,00"
"2015","02","40.10.3.3.90.46.12.363.0029.2.037.01.200000","SECRETARIA DE EDUCA��O","EDUCA��O","ENSINO PROFISSIONAL","AUX�LIO ALIMENTA��O","TESOURO","4.114,00","4.114,00","4.114,00"
"2015","02","40.10.3.3.90.46.12.365.0024.2.037.01.210000","SECRETARIA DE EDUCA��O","EDUCA��O","EDUCA��O INFANTIL","AUX�LIO ALIMENTA��O","TESOURO","599.556,00","599.556,00","599.556,00"
"2015","02","40.10.3.3.90.46.12.365.0025.2.037.01.210000","SECRETARIA DE EDUCA��O","EDUCA��O","EDUCA��O INFANTIL","AUX�LIO ALIMENTA��O","TESOURO","195.738,00","195.738,00","195.738,00"
"2015","02","40.10.3.3.90.46.12.366.0026.2.037.01.220000","SECRETARIA DE EDUCA��O","EDUCA��O","EDUCA��O DE JOVENS E ADULTOS","AUX�LIO ALIMENTA��O","TESOURO","272,00","272,00","272,00"
"2015","02","40.10.3.3.90.47.12.361.0022.2.046.01.220000","SECRETARIA DE EDUCA��O","EDUCA��O","ENSINO FUNDAMENTAL","OBRIGA��ES TRIBUT�RIAS E CONTRIBUTIVAS","TESOURO","65.363,34","65.363,34","65.363,34"
"2015","02","40.10.3.3.90.47.12.361.0027.2.045.01.220000","SECRETARIA DE EDUCA��O","EDUCA��O","ENSINO FUNDAMENTAL","OBRIGA��ES TRIBUT�RIAS E CONTRIBUTIVAS","TESOURO","16.268,09","16.268,09","16.268,09"
"2015","02","40.10.3.3.90.47.12.363.0029.2.048.01.200000","SECRETARIA DE EDUCA��O","EDUCA��O","ENSINO PROFISSIONAL","OBRIGA��ES TRIBUT�RIAS E CONTRIBUTIVAS","TESOURO","4.154,04","4.154,04","4.154,04"
"2015","02","40.10.3.3.90.47.12.365.0024.2.039.01.210000","SECRETARIA DE EDUCA��O","EDUCA��O","EDUCA��O INFANTIL","OBRIGA��ES TRIBUT�RIAS E CONTRIBUTIVAS","TESOURO","5.225,23","5.225,23","5.225,23"
"2015","02","40.10.3.3.90.47.12.365.0025.2.041.01.210000","SECRETARIA DE EDUCA��O","EDUCA��O","EDUCA��O INFANTIL","OBRIGA��ES TRIBUT�RIAS E CONTRIBUTIVAS","TESOURO","1.271,00","1.271,00","1.271,00"
"2015","02","40.10.4.4.90.51.12.361.0027.1.020.02.220064","SECRETARIA DE EDUCA��O","EDUCA��O","ENSINO FUNDAMENTAL","OBRAS E INSTALA��ES","TRANSFERENCIAS E CONVENIOS ESTADUAIS - VINCULADOS","914.460,67","0,00","0,00"
"2015","02","40.10.4.4.90.51.12.361.0027.1.020.05.220032","SECRETARIA DE EDUCA��O","EDUCA��O","ENSINO FUNDAMENTAL","OBRAS E INSTALA��ES","TRANSFERENCIAS E CONVENIOS FEDERAIS - VINCULADOS","2.556.500,00","0,00","1.014.476,62"
"2015","02","40.10.4.4.90.52.12.361.0027.2.045.01.220000","SECRETARIA DE EDUCA��O","EDUCA��O","ENSINO FUNDAMENTAL","EQUIPAMENTOS E MATERIAL PERMANENTE","TESOURO","842.405,26","597.415,03","597.415,03"
"2015","02","40.10.4.4.90.52.12.361.0027.2.045.05.220032","SECRETARIA DE EDUCA��O","EDUCA��O","ENSINO FUNDAMENTAL","EQUIPAMENTOS E MATERIAL PERMANENTE","TRANSFERENCIAS E CONVENIOS FEDERAIS - VINCULADOS","6.000,00","0,00","0,00"
"2015","02","40.10.4.4.90.52.12.365.0025.2.041.05.210007","SECRETARIA DE EDUCA��O","EDUCA��O","EDUCA��O INFANTIL","EQUIPAMENTOS E MATERIAL PERMANENTE","TRANSFERENCIAS E CONVENIOS FEDERAIS - VINCULADOS","16.602,00","0,00","0,00"
"2015","02","40.10.4.4.90.92.12.361.0027.2.045.01.220000","SECRETARIA DE EDUCA��O","EDUCA��O","ENSINO FUNDAMENTAL","DESPESAS DE EXERC�CIOS ANTERIORES","TESOURO","39.000,00","39.000,00","0,00"
"2015","02","40.20.3.1.90.04.12.361.0027.2.081.02.261000","SECRETARIA DE EDUCA��O","EDUCA��O","ENSINO FUNDAMENTAL","CONTRATA��O POR TEMPO DETERMINADO","TRANSFERENCIAS E CONVENIOS ESTADUAIS - VINCULADOS","533.577,93","533.577,93","533.577,93"
"2015","02","40.20.3.1.90.04.12.365.0024.2.083.02.261000","SECRETARIA DE EDUCA��O","EDUCA��O","EDUCA��O INFANTIL","CONTRATA��O POR TEMPO DETERMINADO","TRANSFERENCIAS E CONVENIOS ESTADUAIS - VINCULADOS","120.422,90","120.422,90","120.422,90"
"2015","02","40.20.3.1.90.04.12.365.0025.2.085.02.261000","SECRETARIA DE EDUCA��O","EDUCA��O","EDUCA��O INFANTIL","CONTRATA��O POR TEMPO DETERMINADO","TRANSFERENCIAS E CONVENIOS ESTADUAIS - VINCULADOS","69.821,88","69.821,88","69.821,88"
"2015","02","40.20.3.1.90.11.12.361.0027.2.081.02.261000","SECRETARIA DE EDUCA��O","EDUCA��O","ENSINO FUNDAMENTAL","VENCIMENTOS E VANTAGENS FIXAS -  PESSOAL CIVIL","TRANSFERENCIAS E CONVENIOS ESTADUAIS - VINCULADOS","6.799.149,88","6.799.149,88","6.799.149,88"
"2015","02","40.20.3.1.90.11.12.361.0027.2.081.92.264201","SECRETARIA DE EDUCA��O","EDUCA��O","ENSINO FUNDAMENTAL","VENCIMENTOS E VANTAGENS FIXAS -  PESSOAL CIVIL","TRANSFERENCIAS E CONVENIOS ESTADUAIS - VINCULADOS - EXERC�CIO ANTERIOR","1.125.997,40","1.125.997,40","1.125.997,40"
"2015","02","40.20.3.1.90.11.12.365.0024.2.083.02.261000","SECRETARIA DE EDUCA��O","EDUCA��O","EDUCA��O INFANTIL","VENCIMENTOS E VANTAGENS FIXAS -  PESSOAL CIVIL","TRANSFERENCIAS E CONVENIOS ESTADUAIS - VINCULADOS","4.258.381,65","4.258.381,65","4.258.381,65"
"2015","02","40.20.3.1.90.11.12.365.0025.2.085.02.261000","SECRETARIA DE EDUCA��O","EDUCA��O","EDUCA��O INFANTIL","VENCIMENTOS E VANTAGENS FIXAS -  PESSOAL CIVIL","TRANSFERENCIAS E CONVENIOS ESTADUAIS - VINCULADOS","1.365.423,31","1.365.423,31","1.365.423,31"
"2015","02","40.20.3.1.90.11.12.366.0026.2.087.02.261000","SECRETARIA DE EDUCA��O","EDUCA��O","EDUCA��O DE JOVENS E ADULTOS","VENCIMENTOS E VANTAGENS FIXAS -  PESSOAL CIVIL","TRANSFERENCIAS E CONVENIOS ESTADUAIS - VINCULADOS","33.754,55","33.754,55","33.754,55"
"2015","02","40.20.3.1.90.13.12.361.0027.2.081.02.261000","SECRETARIA DE EDUCA��O","EDUCA��O","ENSINO FUNDAMENTAL","OBRIGA��ES PATRONAIS","TRANSFERENCIAS E CONVENIOS ESTADUAIS - VINCULADOS","436,54","436,54","436,54"
"2015","02","40.20.3.1.90.13.12.361.0027.2.082.02.262000","SECRETARIA DE EDUCA��O","EDUCA��O","ENSINO FUNDAMENTAL","OBRIGA��ES PATRONAIS","TRANSFERENCIAS E CONVENIOS ESTADUAIS - VINCULADOS","109,13","109,13","109,13"
"2015","02","40.20.3.1.90.13.12.365.0024.2.083.02.261000","SECRETARIA DE EDUCA��O","EDUCA��O","EDUCA��O INFANTIL","OBRIGA��ES PATRONAIS","TRANSFERENCIAS E CONVENIOS ESTADUAIS - VINCULADOS","608,48","608,48","608,48"
"2015","02","40.20.3.1.90.13.12.365.0024.2.084.02.262000","SECRETARIA DE EDUCA��O","EDUCA��O","EDUCA��O INFANTIL","OBRIGA��ES PATRONAIS","TRANSFERENCIAS E CONVENIOS ESTADUAIS - VINCULADOS","152,12","152,12","152,12"
"2015","02","40.20.3.1.90.16.12.361.0027.2.081.02.261000","SECRETARIA DE EDUCA��O","EDUCA��O","ENSINO FUNDAMENTAL","OUTRAS DESPESAS VARI�VEIS - PESSOAL CIVIL","TRANSFERENCIAS E CONVENIOS ESTADUAIS - VINCULADOS","76.574,66","76.574,66","76.574,66"
"2015","02","40.20.3.1.90.16.12.365.0024.2.083.02.261000","SECRETARIA DE EDUCA��O","EDUCA��O","EDUCA��O INFANTIL","OUTRAS DESPESAS VARI�VEIS - PESSOAL CIVIL","TRANSFERENCIAS E CONVENIOS ESTADUAIS - VINCULADOS","86.607,03","86.607,03","86.607,03"
"2015","02","40.20.3.1.90.16.12.365.0025.2.085.02.261000","SECRETARIA DE EDUCA��O","EDUCA��O","EDUCA��O INFANTIL","OUTRAS DESPESAS VARI�VEIS - PESSOAL CIVIL","TRANSFERENCIAS E CONVENIOS ESTADUAIS - VINCULADOS","65.590,38","65.590,38","65.590,38"
"2015","02","40.20.3.1.90.94.12.361.0027.2.081.02.261000","SECRETARIA DE EDUCA��O","EDUCA��O","ENSINO FUNDAMENTAL","INDENIZA��ES E RESTITUI��ES TRABALHISTAS","TRANSFERENCIAS E CONVENIOS ESTADUAIS - VINCULADOS","11.681,15","11.681,15","11.681,15"
"2015","02","40.20.3.1.90.94.12.365.0024.2.083.02.261000","SECRETARIA DE EDUCA��O","EDUCA��O","EDUCA��O INFANTIL","INDENIZA��ES E RESTITUI��ES TRABALHISTAS","TRANSFERENCIAS E CONVENIOS ESTADUAIS - VINCULADOS","12.718,85","12.718,85","12.718,85"
"2015","02","40.20.3.1.90.94.12.365.0025.2.085.02.261000","SECRETARIA DE EDUCA��O","EDUCA��O","EDUCA��O INFANTIL","INDENIZA��ES E RESTITUI��ES TRABALHISTAS","TRANSFERENCIAS E CONVENIOS ESTADUAIS - VINCULADOS","18.617,45","18.617,45","18.617,45"
"2015","02","40.20.3.1.91.13.12.361.0027.2.081.02.261000","SECRETARIA DE EDUCA��O","EDUCA��O","ENSINO FUNDAMENTAL","OBRIGA��ES PATRONAIS - INTRA-OR�AMENT�RIO","TRANSFERENCIAS E CONVENIOS ESTADUAIS - VINCULADOS","1.320.849,20","1.320.849,20","1.320.849,20"
"2015","02","40.20.3.1.91.13.12.361.0027.2.082.02.262000","SECRETARIA DE EDUCA��O","EDUCA��O","ENSINO FUNDAMENTAL","OBRIGA��ES PATRONAIS - INTRA-OR�AMENT�RIO","TRANSFERENCIAS E CONVENIOS ESTADUAIS - VINCULADOS","330.212,30","330.212,30","330.212,30"
"2015","02","40.20.3.1.91.13.12.365.0024.2.083.02.261000","SECRETARIA DE EDUCA��O","EDUCA��O","EDUCA��O INFANTIL","OBRIGA��ES PATRONAIS - INTRA-OR�AMENT�RIO","TRANSFERENCIAS E CONVENIOS ESTADUAIS - VINCULADOS","717.804,67","717.804,67","717.804,67"
"2015","02","40.20.3.1.91.13.12.365.0024.2.084.02.262000","SECRETARIA DE EDUCA��O","EDUCA��O","EDUCA��O INFANTIL","OBRIGA��ES PATRONAIS - INTRA-OR�AMENT�RIO","TRANSFERENCIAS E CONVENIOS ESTADUAIS - VINCULADOS","179.451,17","179.451,17","179.451,17"
"2015","02","40.20.3.1.91.13.12.365.0025.2.085.02.261000","SECRETARIA DE EDUCA��O","EDUCA��O","EDUCA��O INFANTIL","OBRIGA��ES PATRONAIS - INTRA-OR�AMENT�RIO","TRANSFERENCIAS E CONVENIOS ESTADUAIS - VINCULADOS","214.469,68","214.469,68","214.469,68"
"2015","02","40.20.3.1.91.13.12.365.0025.2.086.02.262000","SECRETARIA DE EDUCA��O","EDUCA��O","EDUCA��O INFANTIL","OBRIGA��ES PATRONAIS - INTRA-OR�AMENT�RIO","TRANSFERENCIAS E CONVENIOS ESTADUAIS - VINCULADOS","53.617,42","53.617,42","53.617,42"
"2015","02","40.20.3.1.91.13.12.366.0026.2.087.02.261000","SECRETARIA DE EDUCA��O","EDUCA��O","EDUCA��O DE JOVENS E ADULTOS","OBRIGA��ES PATRONAIS - INTRA-OR�AMENT�RIO","TRANSFERENCIAS E CONVENIOS ESTADUAIS - VINCULADOS","6.370,14","6.370,14","6.370,14"
"2015","02","40.20.3.1.91.13.12.366.0026.2.088.02.262000","SECRETARIA DE EDUCA��O","EDUCA��O","EDUCA��O DE JOVENS E ADULTOS","OBRIGA��ES PATRONAIS - INTRA-OR�AMENT�RIO","TRANSFERENCIAS E CONVENIOS ESTADUAIS - VINCULADOS","1.592,54","1.592,54","1.592,54"
"2015","02","40.20.3.3.90.47.12.361.0027.2.081.02.261000","SECRETARIA DE EDUCA��O","EDUCA��O","ENSINO FUNDAMENTAL","OBRIGA��ES TRIBUT�RIAS E CONTRIBUTIVAS","TRANSFERENCIAS E CONVENIOS ESTADUAIS - VINCULADOS","353.152,09","353.152,09","353.152,09"
"2015","02","40.20.3.3.90.47.12.361.0027.2.082.02.262000","SECRETARIA DE EDUCA��O","EDUCA��O","ENSINO FUNDAMENTAL","OBRIGA��ES TRIBUT�RIAS E CONTRIBUTIVAS","TRANSFERENCIAS E CONVENIOS ESTADUAIS - VINCULADOS","88.288,02","88.288,02","88.288,02"
"2015","02","40.20.3.3.90.47.12.365.0024.2.083.02.261000","SECRETARIA DE EDUCA��O","EDUCA��O","EDUCA��O INFANTIL","OBRIGA��ES TRIBUT�RIAS E CONTRIBUTIVAS","TRANSFERENCIAS E CONVENIOS ESTADUAIS - VINCULADOS","185.876,18","185.876,18","185.876,18"
"2015","02","40.20.3.3.90.47.12.365.0024.2.084.02.262000","SECRETARIA DE EDUCA��O","EDUCA��O","EDUCA��O INFANTIL","OBRIGA��ES TRIBUT�RIAS E CONTRIBUTIVAS","TRANSFERENCIAS E CONVENIOS ESTADUAIS - VINCULADOS","46.469,05","46.469,05","46.469,05"
"2015","02","40.20.3.3.90.47.12.365.0025.2.085.02.261000","SECRETARIA DE EDUCA��O","EDUCA��O","EDUCA��O INFANTIL","OBRIGA��ES TRIBUT�RIAS E CONTRIBUTIVAS","TRANSFERENCIAS E CONVENIOS ESTADUAIS - VINCULADOS","55.364,84","55.364,84","55.364,84"
"2015","02","40.20.3.3.90.47.12.365.0025.2.086.02.262000","SECRETARIA DE EDUCA��O","EDUCA��O","EDUCA��O INFANTIL","OBRIGA��ES TRIBUT�RIAS E CONTRIBUTIVAS","TRANSFERENCIAS E CONVENIOS ESTADUAIS - VINCULADOS","13.841,21","13.841,21","13.841,21"
"2015","02","40.20.3.3.90.47.12.366.0026.2.087.02.261000","SECRETARIA DE EDUCA��O","EDUCA��O","EDUCA��O DE JOVENS E ADULTOS","OBRIGA��ES TRIBUT�RIAS E CONTRIBUTIVAS","TRANSFERENCIAS E CONVENIOS ESTADUAIS - VINCULADOS","1.584,99","1.584,99","1.584,99"
"2015","02","40.20.3.3.90.47.12.366.0026.2.088.02.262000","SECRETARIA DE EDUCA��O","EDUCA��O","EDUCA��O DE JOVENS E ADULTOS","OBRIGA��ES TRIBUT�RIAS E CONTRIBUTIVAS","TRANSFERENCIAS E CONVENIOS ESTADUAIS - VINCULADOS","396,25","396,25","396,25"
"2015","02","45.10.3.1.90.11.27.812.0031.2.050.01.110000","SECRETARIA DE ESPORTES","DESPORTO E LAZER","DESPORTO COMUNIT�RIO","VENCIMENTOS E VANTAGENS FIXAS -  PESSOAL CIVIL","TESOURO","717.389,17","717.389,17","717.389,17"
"2015","02","45.10.3.1.90.16.27.812.0031.2.050.01.110000","SECRETARIA DE ESPORTES","DESPORTO E LAZER","DESPORTO COMUNIT�RIO","OUTRAS DESPESAS VARI�VEIS - PESSOAL CIVIL","TESOURO","32.201,77","32.201,77","32.201,77"
"2015","02","45.10.3.3.90.30.27.812.0031.2.003.01.110000","SECRETARIA DE ESPORTES","DESPORTO E LAZER","DESPORTO COMUNIT�RIO","MATERIAL DE CONSUMO","TESOURO","4.000,00","4.000,00","5.000,00"
"2015","02","45.10.3.3.90.30.27.812.0031.2.050.01.110000","SECRETARIA DE ESPORTES","DESPORTO E LAZER","DESPORTO COMUNIT�RIO","MATERIAL DE CONSUMO","TESOURO","84.506,95","32.248,00","13.448,00"
"2015","02","45.10.3.3.90.36.27.812.0031.2.050.01.110000","SECRETARIA DE ESPORTES","DESPORTO E LAZER","DESPORTO COMUNIT�RIO","OUTROS SERVI�OS DE TERCEIROS - PESSOA F�SICA","TESOURO","-691,51","43.542,74","43.602,74"
"2015","02","45.10.3.3.90.39.27.811.0079.2.053.01.110000","SECRETARIA DE ESPORTES","DESPORTO E LAZER","DESPORTO DE RENDIMENTO","OUTROS SERVI�OS DE TERCEIROS -  PESSOA JUR�DICA","TESOURO","530.338,43","524.630,67","417.087,67"
"2015","02","45.10.3.3.90.39.27.812.0031.2.003.01.110000","SECRETARIA DE ESPORTES","DESPORTO E LAZER","DESPORTO COMUNIT�RIO","OUTROS SERVI�OS DE TERCEIROS -  PESSOA JUR�DICA","TESOURO","2.000,00","2.000,00","2.500,00"
"2015","02","45.10.3.3.90.39.27.812.0031.2.010.01.110000","SECRETARIA DE ESPORTES","DESPORTO E LAZER","DESPORTO COMUNIT�RIO","OUTROS SERVI�OS DE TERCEIROS -  PESSOA JUR�DICA","TESOURO","0,36","6.827,82","6.828,18"
"2015","02","45.10.3.3.90.39.27.812.0031.2.050.01.110000","SECRETARIA DE ESPORTES","DESPORTO E LAZER","DESPORTO COMUNIT�RIO","OUTROS SERVI�OS DE TERCEIROS -  PESSOA JUR�DICA","TESOURO","350.900,88","121.775,95","259.395,09"
"2015","02","45.10.3.3.90.48.27.811.0079.2.053.01.110000","SECRETARIA DE ESPORTES","DESPORTO E LAZER","DESPORTO DE RENDIMENTO","OUTROS AUX�LIOS FINANCEIROS A PESSOA F�SICA","TESOURO","1.143.852,92","1.143.852,92","1.143.852,92"
"2015","02","45.10.3.3.90.48.27.811.0079.2.053.03.100014","SECRETARIA DE ESPORTES","DESPORTO E LAZER","DESPORTO DE RENDIMENTO","OUTROS AUX�LIOS FINANCEIROS A PESSOA F�SICA","RECURSOS PROPRIOS DE FUNDOS ESPECIAIS DE DESPESA - VINCULADOS","50.000,00","0,00","0,00"
"2015","02","45.10.3.3.90.92.27.812.0031.2.050.01.110000","SECRETARIA DE ESPORTES","DESPORTO E LAZER","DESPORTO COMUNIT�RIO","DESPESAS DE EXERC�CIOS ANTERIORES","TESOURO","9.398,00","1.593,99","4.893,99"
"2015","02","45.10.4.4.90.51.27.812.0031.1.041.01.110000","SECRETARIA DE ESPORTES","DESPORTO E LAZER","DESPORTO COMUNIT�RIO","OBRAS E INSTALA��ES","TESOURO","129.902,72","0,00","0,00"
"2015","02","45.10.4.4.90.51.27.812.0031.1.041.05.100069","SECRETARIA DE ESPORTES","DESPORTO E LAZER","DESPORTO COMUNIT�RIO","OBRAS E INSTALA��ES","TRANSFERENCIAS E CONVENIOS FEDERAIS - VINCULADOS","1.493.881,28","0,00","0,00"
"2015","02","45.30.3.3.50.43.27.812.0032.2.052.01.110000","SECRETARIA DE ESPORTES","DESPORTO E LAZER","DESPORTO COMUNIT�RIO","SUBVEN��ES SOCIAIS","TESOURO","1.800.000,00","1.005.797,97","1.005.797,97"
"2015","02","45.30.3.3.90.30.27.812.0032.2.003.01.110000","SECRETARIA DE ESPORTES","DESPORTO E LAZER","DESPORTO COMUNIT�RIO","MATERIAL DE CONSUMO","TESOURO","700,00","700,00","700,00"
"2015","02","45.30.3.3.90.30.27.812.0032.2.052.01.110000","SECRETARIA DE ESPORTES","DESPORTO E LAZER","DESPORTO COMUNIT�RIO","MATERIAL DE CONSUMO","TESOURO","34.400,06","5.482,00","5.482,00"
"2015","02","45.30.3.3.90.36.27.812.0032.2.052.01.110000","SECRETARIA DE ESPORTES","DESPORTO E LAZER","DESPORTO COMUNIT�RIO","OUTROS SERVI�OS DE TERCEIROS - PESSOA F�SICA","TESOURO","684.222,75","305.137,75","230.517,75"
"2015","02","45.30.3.3.90.39.27.812.0032.2.052.01.110000","SECRETARIA DE ESPORTES","DESPORTO E LAZER","DESPORTO COMUNIT�RIO","OUTROS SERVI�OS DE TERCEIROS -  PESSOA JUR�DICA","TESOURO","228.282,55","168.001,26","174.286,45"
"2015","02","50.10.3.1.90.11.08.244.0036.2.188.01.510000","SECRETARIA DE DESENVOLVIMENTO SOCIAL","ASSIST�NCIA SOCIAL","ASSIST�NCIA COMUNIT�RIA","VENCIMENTOS E VANTAGENS FIXAS -  PESSOAL CIVIL","TESOURO","805.638,13","805.638,13","805.638,13"
"2015","02","50.10.3.1.90.16.08.244.0036.2.188.01.510000","SECRETARIA DE DESENVOLVIMENTO SOCIAL","ASSIST�NCIA SOCIAL","ASSIST�NCIA COMUNIT�RIA","OUTRAS DESPESAS VARI�VEIS - PESSOAL CIVIL","TESOURO","116.897,23","116.897,23","116.897,23"
"2015","02","50.10.3.3.90.14.08.244.0036.2.003.01.510000","SECRETARIA DE DESENVOLVIMENTO SOCIAL","ASSIST�NCIA SOCIAL","ASSIST�NCIA COMUNIT�RIA","DI�RIAS - PESSOAL CIVIL","TESOURO","0,00","0,00","600,00"
"2015","02","50.10.3.3.90.30.08.244.0036.2.003.01.510000","SECRETARIA DE DESENVOLVIMENTO SOCIAL","ASSIST�NCIA SOCIAL","ASSIST�NCIA COMUNIT�RIA","MATERIAL DE CONSUMO","TESOURO","5.300,00","5.300,00","6.300,00"
"2015","02","50.10.3.3.90.30.08.244.0036.2.003.02.500041","SECRETARIA DE DESENVOLVIMENTO SOCIAL","ASSIST�NCIA SOCIAL","ASSIST�NCIA COMUNIT�RIA","MATERIAL DE CONSUMO","TRANSFERENCIAS E CONVENIOS ESTADUAIS - VINCULADOS","3.000,00","3.000,00","2.000,00"
"2015","02","50.10.3.3.90.30.08.244.0036.2.003.05.500042","SECRETARIA DE DESENVOLVIMENTO SOCIAL","ASSIST�NCIA SOCIAL","ASSIST�NCIA COMUNIT�RIA","MATERIAL DE CONSUMO","TRANSFERENCIAS E CONVENIOS FEDERAIS - VINCULADOS","0,00","0,00","4.500,00"
"2015","02","50.10.3.3.90.30.08.244.0036.2.188.01.510000","SECRETARIA DE DESENVOLVIMENTO SOCIAL","ASSIST�NCIA SOCIAL","ASSIST�NCIA COMUNIT�RIA","MATERIAL DE CONSUMO","TESOURO","4.897,60","4.644,40","3.623,50"
"2015","02","50.10.3.3.90.30.08.244.0036.2.190.01.510000","SECRETARIA DE DESENVOLVIMENTO SOCIAL","ASSIST�NCIA SOCIAL","ASSIST�NCIA COMUNIT�RIA","MATERIAL DE CONSUMO","TESOURO","292,20","185,80","0,00"
"2015","02","50.10.3.3.90.32.08.244.0036.2.003.01.510000","SECRETARIA DE DESENVOLVIMENTO SOCIAL","ASSIST�NCIA SOCIAL","ASSIST�NCIA COMUNIT�RIA","MATERIAL, BEM OU SERVI�O PARA DISTRIBUI��O GRATUITA","TESOURO","0,00","0,00","3.000,00"
"2015","02","50.10.3.3.90.32.08.244.0036.2.189.01.510000","SECRETARIA DE DESENVOLVIMENTO SOCIAL","ASSIST�NCIA SOCIAL","ASSIST�NCIA COMUNIT�RIA","MATERIAL, BEM OU SERVI�O PARA DISTRIBUI��O GRATUITA","TESOURO","856.257,44","219.549,33","215.162,73"
"2015","02","50.10.3.3.90.32.08.244.0036.2.190.01.510000","SECRETARIA DE DESENVOLVIMENTO SOCIAL","ASSIST�NCIA SOCIAL","ASSIST�NCIA COMUNIT�RIA","MATERIAL, BEM OU SERVI�O PARA DISTRIBUI��O GRATUITA","TESOURO","167.218,80","167.218,80","184.784,80"
"2015","02","50.10.3.3.90.36.08.244.0036.2.064.01.510000","SECRETARIA DE DESENVOLVIMENTO SOCIAL","ASSIST�NCIA SOCIAL","ASSIST�NCIA COMUNIT�RIA","OUTROS SERVI�OS DE TERCEIROS - PESSOA F�SICA","TESOURO","55.001,68","104.393,11","52.257,74"
"2015","02","50.10.3.3.90.36.08.244.0036.2.188.01.510000","SECRETARIA DE DESENVOLVIMENTO SOCIAL","ASSIST�NCIA SOCIAL","ASSIST�NCIA COMUNIT�RIA","OUTROS SERVI�OS DE TERCEIROS - PESSOA F�SICA","TESOURO","475.251,20","19.143,24","19.143,24"
"2015","02","50.10.3.3.90.39.08.244.0036.2.003.01.510000","SECRETARIA DE DESENVOLVIMENTO SOCIAL","ASSIST�NCIA SOCIAL","ASSIST�NCIA COMUNIT�RIA","OUTROS SERVI�OS DE TERCEIROS -  PESSOA JUR�DICA","TESOURO","2.500,00","2.500,00","3.000,00"
"2015","02","50.10.3.3.90.39.08.244.0036.2.003.02.500041","SECRETARIA DE DESENVOLVIMENTO SOCIAL","ASSIST�NCIA SOCIAL","ASSIST�NCIA COMUNIT�RIA","OUTROS SERVI�OS DE TERCEIROS -  PESSOA JUR�DICA","TRANSFERENCIAS E CONVENIOS ESTADUAIS - VINCULADOS","1.000,00","1.000,00","1.000,00"
"2015","02","50.10.3.3.90.39.08.244.0036.2.010.01.510000","SECRETARIA DE DESENVOLVIMENTO SOCIAL","ASSIST�NCIA SOCIAL","ASSIST�NCIA COMUNIT�RIA","OUTROS SERVI�OS DE TERCEIROS -  PESSOA JUR�DICA","TESOURO","288.290,56","129.527,97","84.810,45"
"2015","02","50.10.3.3.90.39.08.244.0036.2.188.01.510000","SECRETARIA DE DESENVOLVIMENTO SOCIAL","ASSIST�NCIA SOCIAL","ASSIST�NCIA COMUNIT�RIA","OUTROS SERVI�OS DE TERCEIROS -  PESSOA JUR�DICA","TESOURO","1.674.491,84","149.648,89","63.746,98"
"2015","02","50.10.3.3.90.39.08.244.0036.2.188.05.500042","SECRETARIA DE DESENVOLVIMENTO SOCIAL","ASSIST�NCIA SOCIAL","ASSIST�NCIA COMUNIT�RIA","OUTROS SERVI�OS DE TERCEIROS -  PESSOA JUR�DICA","TRANSFERENCIAS E CONVENIOS FEDERAIS - VINCULADOS","30.460,00","0,00","0,00"
"2015","02","50.10.3.3.90.39.08.244.0036.2.190.01.510000","SECRETARIA DE DESENVOLVIMENTO SOCIAL","ASSIST�NCIA SOCIAL","ASSIST�NCIA COMUNIT�RIA","OUTROS SERVI�OS DE TERCEIROS -  PESSOA JUR�DICA","TESOURO","64.928,29","8.042,37","5.040,28"
"2015","02","50.10.3.3.90.48.08.244.0036.2.189.01.510000","SECRETARIA DE DESENVOLVIMENTO SOCIAL","ASSIST�NCIA SOCIAL","ASSIST�NCIA COMUNIT�RIA","OUTROS AUX�LIOS FINANCEIROS A PESSOA F�SICA","TESOURO","445.867,89","445.867,89","439.867,89"
"2015","02","50.10.3.3.90.48.08.244.0036.2.189.02.500061","SECRETARIA DE DESENVOLVIMENTO SOCIAL","ASSIST�NCIA SOCIAL","ASSIST�NCIA COMUNIT�RIA","OUTROS AUX�LIOS FINANCEIROS A PESSOA F�SICA","TRANSFERENCIAS E CONVENIOS ESTADUAIS - VINCULADOS","719.467,21","719.467,21","719.467,21"
"2015","02","50.10.3.3.90.48.08.244.0036.2.190.01.510000","SECRETARIA DE DESENVOLVIMENTO SOCIAL","ASSIST�NCIA SOCIAL","ASSIST�NCIA COMUNIT�RIA","OUTROS AUX�LIOS FINANCEIROS A PESSOA F�SICA","TESOURO","991.146,97","991.146,97","991.146,97"
"2015","02","50.10.4.4.90.52.08.244.0036.2.188.05.500042","SECRETARIA DE DESENVOLVIMENTO SOCIAL","ASSIST�NCIA SOCIAL","ASSIST�NCIA COMUNIT�RIA","EQUIPAMENTOS E MATERIAL PERMANENTE","TRANSFERENCIAS E CONVENIOS FEDERAIS - VINCULADOS","440,00","0,00","0,00"
"2015","02","50.20.3.3.50.43.08.244.0036.2.191.01.510000","SECRETARIA DE DESENVOLVIMENTO SOCIAL","ASSIST�NCIA SOCIAL","ASSIST�NCIA COMUNIT�RIA","SUBVEN��ES SOCIAIS","TESOURO","0,00","1.220.603,00","1.072.253,00"
"2015","02","50.20.3.3.50.43.08.244.0036.2.192.01.510000","SECRETARIA DE DESENVOLVIMENTO SOCIAL","ASSIST�NCIA SOCIAL","ASSIST�NCIA COMUNIT�RIA","SUBVEN��ES SOCIAIS","TESOURO","0,00","1.113.260,00","934.680,00"
"2015","02","50.20.3.3.90.30.08.244.0036.2.191.02.500041","SECRETARIA DE DESENVOLVIMENTO SOCIAL","ASSIST�NCIA SOCIAL","ASSIST�NCIA COMUNIT�RIA","MATERIAL DE CONSUMO","TRANSFERENCIAS E CONVENIOS ESTADUAIS - VINCULADOS","5.666,80","4.249,10","3.700,00"
"2015","02","50.20.3.3.90.30.08.244.0036.2.191.05.500042","SECRETARIA DE DESENVOLVIMENTO SOCIAL","ASSIST�NCIA SOCIAL","ASSIST�NCIA COMUNIT�RIA","MATERIAL DE CONSUMO","TRANSFERENCIAS E CONVENIOS FEDERAIS - VINCULADOS","10.112,00","0,00","0,00"
"2015","02","50.20.3.3.90.30.08.244.0036.2.192.02.500041","SECRETARIA DE DESENVOLVIMENTO SOCIAL","ASSIST�NCIA SOCIAL","ASSIST�NCIA COMUNIT�RIA","MATERIAL DE CONSUMO","TRANSFERENCIAS E CONVENIOS ESTADUAIS - VINCULADOS","10.388,20","1.766,50","0,00"
"2015","02","50.20.3.3.90.30.08.244.0036.2.192.05.500042","SECRETARIA DE DESENVOLVIMENTO SOCIAL","ASSIST�NCIA SOCIAL","ASSIST�NCIA COMUNIT�RIA","MATERIAL DE CONSUMO","TRANSFERENCIAS E CONVENIOS FEDERAIS - VINCULADOS","43.569,10","0,00","0,00"
"2015","02","50.20.3.3.90.36.08.244.0036.2.191.05.500042","SECRETARIA DE DESENVOLVIMENTO SOCIAL","ASSIST�NCIA SOCIAL","ASSIST�NCIA COMUNIT�RIA","OUTROS SERVI�OS DE TERCEIROS - PESSOA F�SICA","TRANSFERENCIAS E CONVENIOS FEDERAIS - VINCULADOS","8.700,00","0,00","0,00"
"2015","02","50.20.3.3.90.39.08.244.0036.2.191.01.510000","SECRETARIA DE DESENVOLVIMENTO SOCIAL","ASSIST�NCIA SOCIAL","ASSIST�NCIA COMUNIT�RIA","OUTROS SERVI�OS DE TERCEIROS -  PESSOA JUR�DICA","TESOURO","215.742,25","8.937,50","8.937,50"
"2015","02","50.20.3.3.90.39.08.244.0036.2.191.05.500042","SECRETARIA DE DESENVOLVIMENTO SOCIAL","ASSIST�NCIA SOCIAL","ASSIST�NCIA COMUNIT�RIA","OUTROS SERVI�OS DE TERCEIROS -  PESSOA JUR�DICA","TRANSFERENCIAS E CONVENIOS FEDERAIS - VINCULADOS","661.820,60","156.532,00","114.438,15"
"2015","02","50.20.3.3.90.39.08.244.0036.2.192.02.500041","SECRETARIA DE DESENVOLVIMENTO SOCIAL","ASSIST�NCIA SOCIAL","ASSIST�NCIA COMUNIT�RIA","OUTROS SERVI�OS DE TERCEIROS -  PESSOA JUR�DICA","TRANSFERENCIAS E CONVENIOS ESTADUAIS - VINCULADOS","90.000,00","0,00","0,00"
"2015","02","50.20.3.3.90.39.08.244.0036.2.192.05.500042","SECRETARIA DE DESENVOLVIMENTO SOCIAL","ASSIST�NCIA SOCIAL","ASSIST�NCIA COMUNIT�RIA","OUTROS SERVI�OS DE TERCEIROS -  PESSOA JUR�DICA","TRANSFERENCIAS E CONVENIOS FEDERAIS - VINCULADOS","649.616,18","0,00","0,00"
"2015","02","55.10.3.1.90.11.04.452.0037.2.002.01.110000","SECRETARIA DE SERVI�OS MUNICIPAIS ","ADMINISTRA��O","SERVI�OS URBANOS","VENCIMENTOS E VANTAGENS FIXAS -  PESSOAL CIVIL","TESOURO","1.526.652,88","1.526.652,88","1.526.652,88"
"2015","02","55.10.3.1.90.16.04.452.0037.2.002.01.110000","SECRETARIA DE SERVI�OS MUNICIPAIS ","ADMINISTRA��O","SERVI�OS URBANOS","OUTRAS DESPESAS VARI�VEIS - PESSOAL CIVIL","TESOURO","448.915,14","448.915,14","448.915,14"
"2015","02","55.10.3.3.90.30.15.452.0038.2.066.01.110000","SECRETARIA DE SERVI�OS MUNICIPAIS ","URBANISMO","SERVI�OS URBANOS","MATERIAL DE CONSUMO","TESOURO","472.471,39","456.594,90","330.144,53"
"2015","02","55.10.3.3.90.30.18.541.0038.2.067.01.110000","SECRETARIA DE SERVI�OS MUNICIPAIS ","GEST�O AMBIENTAL","PRESERVA��O E CONSERVA��O AMBIENTAL","MATERIAL DE CONSUMO","TESOURO","26.583,00","244.000,00","244.000,00"
"2015","02","55.10.3.3.90.36.15.452.0038.2.066.01.110000","SECRETARIA DE SERVI�OS MUNICIPAIS ","URBANISMO","SERVI�OS URBANOS","OUTROS SERVI�OS DE TERCEIROS - PESSOA F�SICA","TESOURO","0,00","4.460,94","4.460,94"
"2015","02","55.10.3.3.90.39.04.452.0037.2.010.01.110000","SECRETARIA DE SERVI�OS MUNICIPAIS ","ADMINISTRA��O","SERVI�OS URBANOS","OUTROS SERVI�OS DE TERCEIROS -  PESSOA JUR�DICA","TESOURO","0,00","11.000,00","11.000,00"
"2015","02","55.10.3.3.90.39.15.452.0038.2.066.01.110000","SECRETARIA DE SERVI�OS MUNICIPAIS ","URBANISMO","SERVI�OS URBANOS","OUTROS SERVI�OS DE TERCEIROS -  PESSOA JUR�DICA","TESOURO","116.821,64","914.621,50","858.505,77"
"2015","02","55.10.3.3.90.39.17.512.0039.2.072.01.110000","SECRETARIA DE SERVI�OS MUNICIPAIS ","SANEAMENTO","SANEAMENTO B�SICO URBANO","OUTROS SERVI�OS DE TERCEIROS -  PESSOA JUR�DICA","TESOURO","0,00","1.584.594,80","1.584.594,80"
"2015","02","55.10.3.3.90.39.17.512.0039.2.073.01.110000","SECRETARIA DE SERVI�OS MUNICIPAIS ","SANEAMENTO","SANEAMENTO B�SICO URBANO","OUTROS SERVI�OS DE TERCEIROS -  PESSOA JUR�DICA","TESOURO","0,00","6.057.226,79","5.969.304,18"
"2015","02","55.10.3.3.90.39.18.541.0038.2.067.01.110000","SECRETARIA DE SERVI�OS MUNICIPAIS ","GEST�O AMBIENTAL","PRESERVA��O E CONSERVA��O AMBIENTAL","OUTROS SERVI�OS DE TERCEIROS -  PESSOA JUR�DICA","TESOURO","263.585,01","2.224.602,16","3.058.911,55"
"2015","02","55.10.3.3.90.39.18.541.0039.2.074.01.110000","SECRETARIA DE SERVI�OS MUNICIPAIS ","GEST�O AMBIENTAL","PRESERVA��O E CONSERVA��O AMBIENTAL","OUTROS SERVI�OS DE TERCEIROS -  PESSOA JUR�DICA","TESOURO","0,00","183.920,00","0,00"
"2015","02","55.10.4.4.90.93.15.452.0038.2.066.01.110000","SECRETARIA DE SERVI�OS MUNICIPAIS ","URBANISMO","SERVI�OS URBANOS","INDENIZA��ES E RESTITUI��ES","TESOURO","84.000,00","84.000,00","84.000,00"
"2015","02","60.10.3.1.90.04.10.301.0040.2.002.01.310000","SECRETARIA DE SA�DE","SA�DE","ATEN��O B�SICA","CONTRATA��O POR TEMPO DETERMINADO","TESOURO","320.733,22","320.733,22","320.733,22"
"2015","02","60.10.3.1.90.11.10.301.0040.2.002.01.310000","SECRETARIA DE SA�DE","SA�DE","ATEN��O B�SICA","VENCIMENTOS E VANTAGENS FIXAS -  PESSOAL CIVIL","TESOURO","11.814.804,67","11.814.804,67","11.698.774,35"
"2015","02","60.10.3.1.90.13.10.301.0040.2.002.01.310000","SECRETARIA DE SA�DE","SA�DE","ATEN��O B�SICA","OBRIGA��ES PATRONAIS","TESOURO","141.831,34","141.831,34","141.831,34"
"2015","02","60.10.3.1.90.16.10.301.0040.2.002.01.310000","SECRETARIA DE SA�DE","SA�DE","ATEN��O B�SICA","OUTRAS DESPESAS VARI�VEIS - PESSOAL CIVIL","TESOURO","3.250.659,15","3.250.659,15","3.250.659,15"
"2015","02","60.10.3.1.90.94.10.301.0040.2.002.01.310000","SECRETARIA DE SA�DE","SA�DE","ATEN��O B�SICA","INDENIZA��ES E RESTITUI��ES TRABALHISTAS","TESOURO","27.875,16","27.875,16","27.875,16"
"2015","02","60.10.3.1.91.13.10.301.0040.2.002.01.310000","SECRETARIA DE SA�DE","SA�DE","ATEN��O B�SICA","OBRIGA��ES PATRONAIS - INTRA-OR�AMENT�RIO","TESOURO","2.499.965,06","2.499.965,06","4.999.545,26"
"2015","02","60.10.3.2.91.21.10.301.0040.0.004.01.310000","SECRETARIA DE SA�DE","SA�DE","ATEN��O B�SICA","JUROS SOBRE A D�VIDA POR CONTRATO - INTRA-OR�AMENT�RIO","TESOURO","0,00","49.874,50","49.874,50"
"2015","02","60.10.3.3.50.39.10.302.0044.2.080.01.310000","SECRETARIA DE SA�DE","SA�DE","ASSIST�NCIA HOSPITALAR E AMBULATORIAL","OUTROS SERVI�OS DE TERCEIROS -PESSOA JUR�DICA","TESOURO","0,00","11.486.000,00","8.000.000,00"
"2015","02","60.10.3.3.50.39.10.302.0044.2.080.05.300023","SECRETARIA DE SA�DE","SA�DE","ASSIST�NCIA HOSPITALAR E AMBULATORIAL","OUTROS SERVI�OS DE TERCEIROS -PESSOA JUR�DICA","TRANSFERENCIAS E CONVENIOS FEDERAIS - VINCULADOS","0,00","519.800,00","519.800,00"
"2015","02","60.10.3.3.71.70.10.302.0044.2.079.01.310000","SECRETARIA DE SA�DE","SA�DE","ASSIST�NCIA HOSPITALAR E AMBULATORIAL","RATEIO PELA PARTICIPA��O EM CONS�RCIO P�BLICO","TESOURO","0,00","0,00","47.980,71"
"2015","02","60.10.3.3.90.30.10.301.0040.2.003.01.310000","SECRETARIA DE SA�DE","SA�DE","ATEN��O B�SICA","MATERIAL DE CONSUMO","TESOURO","1.494,20","1.494,20","1.494,20"
"2015","02","60.10.3.3.90.30.10.301.0040.2.065.01.310000","SECRETARIA DE SA�DE","SA�DE","ATEN��O B�SICA","MATERIAL DE CONSUMO","TESOURO","0,00","272.700,00","203.400,00"
"2015","02","60.10.3.3.90.30.10.303.0041.2.076.01.310000","SECRETARIA DE SA�DE","SA�DE","SUPORTE PROFIL�TICO E TERAP�UTICO","MATERIAL DE CONSUMO","TESOURO","189.020,00","855.697,68","236.809,84"
"2015","02","60.10.3.3.90.30.10.303.0041.2.076.05.300040","SECRETARIA DE SA�DE","SA�DE","SUPORTE PROFIL�TICO E TERAP�UTICO","MATERIAL DE CONSUMO","TRANSFERENCIAS E CONVENIOS FEDERAIS - VINCULADOS","518.932,82","321.941,47","10.044,45"
"2015","02","60.10.3.3.90.30.10.304.0041.2.077.05.300039","SECRETARIA DE SA�DE","SA�DE","VIGIL�NCIA SANIT�RIA","MATERIAL DE CONSUMO","TRANSFERENCIAS E CONVENIOS FEDERAIS - VINCULADOS","8.000,00","0,00","0,00"
"2015","02","60.10.3.3.90.30.10.305.0041.2.078.01.320000","SECRETARIA DE SA�DE","SA�DE","VIGIL�NCIA EPIDEMIOL�GICA","MATERIAL DE CONSUMO","TESOURO","2.481,00","2.481,00","0,00"
"2015","02","60.10.3.3.90.30.10.305.0041.2.078.05.300019","SECRETARIA DE SA�DE","SA�DE","VIGIL�NCIA EPIDEMIOL�GICA","MATERIAL DE CONSUMO","TRANSFERENCIAS E CONVENIOS FEDERAIS - VINCULADOS","1.539,36","1.391,50","1.391,50"
"2015","02","60.10.3.3.90.30.10.305.0041.2.078.05.300038","SECRETARIA DE SA�DE","SA�DE","VIGIL�NCIA EPIDEMIOL�GICA","MATERIAL DE CONSUMO","TRANSFERENCIAS E CONVENIOS FEDERAIS - VINCULADOS","2.391,55","13.260,43","10.611,20"
"2015","02","60.10.3.3.90.32.10.303.0041.2.076.01.310000","SECRETARIA DE SA�DE","SA�DE","SUPORTE PROFIL�TICO E TERAP�UTICO","MATERIAL, BEM OU SERVI�O PARA DISTRIBUI��O GRATUITA","TESOURO","59,70","4.656,26","691,88"
"2015","02","60.10.3.3.90.32.10.303.0041.2.076.05.300040","SECRETARIA DE SA�DE","SA�DE","SUPORTE PROFIL�TICO E TERAP�UTICO","MATERIAL, BEM OU SERVI�O PARA DISTRIBUI��O GRATUITA","TRANSFERENCIAS E CONVENIOS FEDERAIS - VINCULADOS","0,00","369,33","0,00"
"2015","02","60.10.3.3.90.36.10.301.0040.2.010.01.310000","SECRETARIA DE SA�DE","SA�DE","ATEN��O B�SICA","OUTROS SERVI�OS DE TERCEIROS - PESSOA F�SICA","TESOURO","0,00","54.980,57","47.180,57"
"2015","02","60.10.3.3.90.36.10.305.0041.2.078.05.300038","SECRETARIA DE SA�DE","SA�DE","VIGIL�NCIA EPIDEMIOL�GICA","OUTROS SERVI�OS DE TERCEIROS - PESSOA F�SICA","TRANSFERENCIAS E CONVENIOS FEDERAIS - VINCULADOS","5.936,64","27.269,60","27.269,60"
"2015","02","60.10.3.3.90.37.10.301.0040.2.024.01.310000","SECRETARIA DE SA�DE","SA�DE","ATEN��O B�SICA","LOCA��O DE M�O-DE-OBRA","TESOURO","0,00","475.334,83","420.909,07"
"2015","02","60.10.3.3.90.37.10.305.0041.2.078.05.300038","SECRETARIA DE SA�DE","SA�DE","VIGIL�NCIA EPIDEMIOL�GICA","LOCA��O DE M�O-DE-OBRA","TRANSFERENCIAS E CONVENIOS FEDERAIS - VINCULADOS","0,00","8.857,60","8.857,60"
"2015","02","60.10.3.3.90.39.10.301.0040.2.003.01.310000","SECRETARIA DE SA�DE","SA�DE","ATEN��O B�SICA","OUTROS SERVI�OS DE TERCEIROS -  PESSOA JUR�DICA","TESOURO","5.600,00","5.600,00","5.600,00"
"2015","02","60.10.3.3.90.39.10.301.0040.2.010.01.310000","SECRETARIA DE SA�DE","SA�DE","ATEN��O B�SICA","OUTROS SERVI�OS DE TERCEIROS -  PESSOA JUR�DICA","TESOURO","0,00","14.567,76","19.449,60"
"2015","02","60.10.3.3.90.39.10.301.0040.2.021.01.310000","SECRETARIA DE SA�DE","SA�DE","ATEN��O B�SICA","OUTROS SERVI�OS DE TERCEIROS -  PESSOA JUR�DICA","TESOURO","29.929,76","149.495,05","103.979,73"
"2015","02","60.10.3.3.90.39.10.301.0040.2.037.01.310000","SECRETARIA DE SA�DE","SA�DE","ATEN��O B�SICA","OUTROS SERVI�OS DE TERCEIROS -  PESSOA JUR�DICA","TESOURO","78.200,00","155.831,96","78.200,00"
"2015","02","60.10.3.3.90.39.10.301.0040.2.181.01.310000","SECRETARIA DE SA�DE","SA�DE","ATEN��O B�SICA","OUTROS SERVI�OS DE TERCEIROS -  PESSOA JUR�DICA","TESOURO","145.631,92","145.631,92","145.631,92"
"2015","02","60.10.3.3.90.39.10.304.0041.2.077.05.300039","SECRETARIA DE SA�DE","SA�DE","VIGIL�NCIA SANIT�RIA","OUTROS SERVI�OS DE TERCEIROS -  PESSOA JUR�DICA","TRANSFERENCIAS E CONVENIOS FEDERAIS - VINCULADOS","2.152,00","0,00","0,00"
"2015","02","60.10.3.3.90.39.10.305.0041.2.078.01.320000","SECRETARIA DE SA�DE","SA�DE","VIGIL�NCIA EPIDEMIOL�GICA","OUTROS SERVI�OS DE TERCEIROS -  PESSOA JUR�DICA","TESOURO","0,00","0,00","7.200,00"
"2015","02","60.10.3.3.90.39.10.305.0041.2.078.05.300019","SECRETARIA DE SA�DE","SA�DE","VIGIL�NCIA EPIDEMIOL�GICA","OUTROS SERVI�OS DE TERCEIROS -  PESSOA JUR�DICA","TRANSFERENCIAS E CONVENIOS FEDERAIS - VINCULADOS","0,00","2.600,00","1.360,00"
"2015","02","60.10.3.3.90.39.10.305.0041.2.078.05.300038","SECRETARIA DE SA�DE","SA�DE","VIGIL�NCIA EPIDEMIOL�GICA","OUTROS SERVI�OS DE TERCEIROS -  PESSOA JUR�DICA","TRANSFERENCIAS E CONVENIOS FEDERAIS - VINCULADOS","11.003,92","57.769,23","47.822,73"
"2015","02","60.10.3.3.90.46.10.301.0040.2.037.01.310000","SECRETARIA DE SA�DE","SA�DE","ATEN��O B�SICA","AUX�LIO ALIMENTA��O","TESOURO","960.636,00","960.636,00","960.636,00"
"2015","02","60.10.3.3.90.47.10.301.0040.2.002.01.310000","SECRETARIA DE SA�DE","SA�DE","ATEN��O B�SICA","OBRIGA��ES TRIBUT�RIAS E CONTRIBUTIVAS","TESOURO","639.992,90","639.992,90","639.992,90"
"2015","02","60.10.4.4.90.51.10.302.0044.1.029.05.300055","SECRETARIA DE SA�DE","SA�DE","ASSIST�NCIA HOSPITALAR E AMBULATORIAL","OBRAS E INSTALA��ES","TRANSFERENCIAS E CONVENIOS FEDERAIS - VINCULADOS","40.214,35","362.760,96","362.760,96"
"2015","02","60.10.4.4.90.52.10.302.0044.1.029.05.300055","SECRETARIA DE SA�DE","SA�DE","ASSIST�NCIA HOSPITALAR E AMBULATORIAL","EQUIPAMENTOS E MATERIAL PERMANENTE","TRANSFERENCIAS E CONVENIOS FEDERAIS - VINCULADOS","17.480,11","4.288,30","3.038,00"
"2015","02","60.10.4.6.91.71.10.301.0040.0.004.01.310000","SECRETARIA DE SA�DE","SA�DE","ATEN��O B�SICA","PRINCIPAL DA D�VIDA CONTRATUAL RESGATADA - INTRA-OR�AMENT�RIO","TESOURO","0,00","9.703,42","9.703,42"
"2015","02","60.50.3.3.90.30.10.301.0041.2.075.01.310000","SECRETARIA DE SA�DE","SA�DE","ATEN��O B�SICA","MATERIAL DE CONSUMO","TESOURO","198.436,75","49.705,11","22.465,35"
"2015","02","60.50.3.3.90.30.10.301.0041.2.075.02.300024","SECRETARIA DE SA�DE","SA�DE","ATEN��O B�SICA","MATERIAL DE CONSUMO","TRANSFERENCIAS E CONVENIOS ESTADUAIS - VINCULADOS","104.591,40","1.231.236,70","21.441,00"
"2015","02","60.50.3.3.90.30.10.301.0041.2.075.05.300022","SECRETARIA DE SA�DE","SA�DE","ATEN��O B�SICA","MATERIAL DE CONSUMO","TRANSFERENCIAS E CONVENIOS FEDERAIS - VINCULADOS","205.725,18","616.756,33","374.671,64"
"2015","02","60.50.3.3.90.32.10.301.0041.2.075.05.300022","SECRETARIA DE SA�DE","SA�DE","ATEN��O B�SICA","MATERIAL, BEM OU SERVI�O PARA DISTRIBUI��O GRATUITA","TRANSFERENCIAS E CONVENIOS FEDERAIS - VINCULADOS","0,00","240,80","11.512,40"
"2015","02","60.50.3.3.90.36.10.301.0041.2.075.01.310000","SECRETARIA DE SA�DE","SA�DE","ATEN��O B�SICA","OUTROS SERVI�OS DE TERCEIROS - PESSOA F�SICA","TESOURO","1.028.640,00","70.962,43","70.962,43"
"2015","02","60.50.3.3.90.36.10.301.0041.2.075.05.300022","SECRETARIA DE SA�DE","SA�DE","ATEN��O B�SICA","OUTROS SERVI�OS DE TERCEIROS - PESSOA F�SICA","TRANSFERENCIAS E CONVENIOS FEDERAIS - VINCULADOS","0,00","4.270,81","4.270,81"
"2015","02","60.50.3.3.90.36.10.301.0042.2.011.01.310000","SECRETARIA DE SA�DE","SA�DE","ATEN��O B�SICA","OUTROS SERVI�OS DE TERCEIROS - PESSOA F�SICA","TESOURO","24.238,08","3.973,86","3.973,86"
"2015","02","60.50.3.3.90.37.10.301.0041.2.075.01.310000","SECRETARIA DE SA�DE","SA�DE","ATEN��O B�SICA","LOCA��O DE M�O-DE-OBRA","TESOURO","0,00","1.771,20","3.271,80"
"2015","02","60.50.3.3.90.37.10.301.0041.2.075.05.300022","SECRETARIA DE SA�DE","SA�DE","ATEN��O B�SICA","LOCA��O DE M�O-DE-OBRA","TRANSFERENCIAS E CONVENIOS FEDERAIS - VINCULADOS","0,00","3.854,11","3.854,11"
"2015","02","60.50.3.3.90.37.10.301.0042.2.011.01.310000","SECRETARIA DE SA�DE","SA�DE","ATEN��O B�SICA","LOCA��O DE M�O-DE-OBRA","TESOURO","907.643,00","84.176,00","174.465,31"
"2015","02","60.50.3.3.90.37.10.301.0042.2.011.05.300022","SECRETARIA DE SA�DE","SA�DE","ATEN��O B�SICA","LOCA��O DE M�O-DE-OBRA","TRANSFERENCIAS E CONVENIOS FEDERAIS - VINCULADOS","2.539.369,33","574.240,86","112.876,00"
"2015","02","60.50.3.3.90.39.10.301.0041.2.075.01.310000","SECRETARIA DE SA�DE","SA�DE","ATEN��O B�SICA","OUTROS SERVI�OS DE TERCEIROS -  PESSOA JUR�DICA","TESOURO","230.679,72","143.544,35","143.238,54"
"2015","02","60.50.3.3.90.39.10.301.0041.2.075.05.300022","SECRETARIA DE SA�DE","SA�DE","ATEN��O B�SICA","OUTROS SERVI�OS DE TERCEIROS -  PESSOA JUR�DICA","TRANSFERENCIAS E CONVENIOS FEDERAIS - VINCULADOS","193.778,70","42.969,67","34.152,08"
"2015","02","60.50.3.3.90.39.10.301.0042.2.011.01.310000","SECRETARIA DE SA�DE","SA�DE","ATEN��O B�SICA","OUTROS SERVI�OS DE TERCEIROS -  PESSOA JUR�DICA","TESOURO","1.845.986,77","414.466,81","376.955,94"
"2015","02","60.50.3.3.90.39.10.301.0042.2.011.05.300022","SECRETARIA DE SA�DE","SA�DE","ATEN��O B�SICA","OUTROS SERVI�OS DE TERCEIROS -  PESSOA JUR�DICA","TRANSFERENCIAS E CONVENIOS FEDERAIS - VINCULADOS","21.385,96","2.087,24","0,00"
"2015","02","60.50.3.3.90.48.10.301.0042.2.185.01.310000","SECRETARIA DE SA�DE","SA�DE","ATEN��O B�SICA","OUTROS AUX�LIOS FINANCEIROS A PESSOA F�SICA","TESOURO","78.000,00","78.000,00","78.000,00"
"2015","02","60.50.3.3.90.92.10.301.0041.2.075.01.310000","SECRETARIA DE SA�DE","SA�DE","ATEN��O B�SICA","DESPESAS DE EXERC�CIOS ANTERIORES","TESOURO","0,00","0,00","289,05"
"2015","02","60.50.3.3.90.92.10.301.0041.2.075.05.300022","SECRETARIA DE SA�DE","SA�DE","ATEN��O B�SICA","DESPESAS DE EXERC�CIOS ANTERIORES","TRANSFERENCIAS E CONVENIOS FEDERAIS - VINCULADOS","3.950,00","16.732,00","8.542,00"
"2015","02","60.50.4.4.90.51.10.301.0042.1.028.01.310000","SECRETARIA DE SA�DE","SA�DE","ATEN��O B�SICA","OBRAS E INSTALA��ES","TESOURO","75.199,56","0,00","0,00"
"2015","02","60.70.3.3.50.39.10.302.0043.2.180.01.310000","SECRETARIA DE SA�DE","SA�DE","ASSIST�NCIA HOSPITALAR E AMBULATORIAL","OUTROS SERVI�OS DE TERCEIROS -PESSOA JUR�DICA","TESOURO","0,00","2.260.000,00","2.450.000,00"
"2015","02","60.70.3.3.90.30.10.302.0043.2.180.01.310000","SECRETARIA DE SA�DE","SA�DE","ASSIST�NCIA HOSPITALAR E AMBULATORIAL","MATERIAL DE CONSUMO","TESOURO","195.958,33","22.338,19","11.234,30"
"2015","02","60.70.3.3.90.30.10.302.0043.2.180.05.300023","SECRETARIA DE SA�DE","SA�DE","ASSIST�NCIA HOSPITALAR E AMBULATORIAL","MATERIAL DE CONSUMO","TRANSFERENCIAS E CONVENIOS FEDERAIS - VINCULADOS","1.005.565,85","889.980,35","232.862,78"
"2015","02","60.70.3.3.90.32.10.302.0043.2.180.05.300023","SECRETARIA DE SA�DE","SA�DE","ASSIST�NCIA HOSPITALAR E AMBULATORIAL","MATERIAL, BEM OU SERVI�O PARA DISTRIBUI��O GRATUITA","TRANSFERENCIAS E CONVENIOS FEDERAIS - VINCULADOS","62.423,67","480.888,85","54.957,24"
"2015","02","60.70.3.3.90.37.10.302.0043.2.180.05.300023","SECRETARIA DE SA�DE","SA�DE","ASSIST�NCIA HOSPITALAR E AMBULATORIAL","LOCA��O DE M�O-DE-OBRA","TRANSFERENCIAS E CONVENIOS FEDERAIS - VINCULADOS","0,00","17.253,13","14.869,19"
"2015","02","60.70.3.3.90.39.10.302.0043.2.180.01.310000","SECRETARIA DE SA�DE","SA�DE","ASSIST�NCIA HOSPITALAR E AMBULATORIAL","OUTROS SERVI�OS DE TERCEIROS -  PESSOA JUR�DICA","TESOURO","341.529,85","748.536,42","467.307,12"
"2015","02","60.70.3.3.90.39.10.302.0043.2.180.05.300023","SECRETARIA DE SA�DE","SA�DE","ASSIST�NCIA HOSPITALAR E AMBULATORIAL","OUTROS SERVI�OS DE TERCEIROS -  PESSOA JUR�DICA","TRANSFERENCIAS E CONVENIOS FEDERAIS - VINCULADOS","3.619.754,36","5.518.346,23","3.663.593,37"
"2015","02","60.70.3.3.90.92.10.302.0043.2.180.05.300023","SECRETARIA DE SA�DE","SA�DE","ASSIST�NCIA HOSPITALAR E AMBULATORIAL","DESPESAS DE EXERC�CIOS ANTERIORES","TRANSFERENCIAS E CONVENIOS FEDERAIS - VINCULADOS","0,00","0,00","3.240,00"
"2015","02","65.10.3.1.90.11.26.122.0045.2.002.01.400000","SECRETARIA DE TRANSPORTES","TRANSPORTE","ADMINISTRA��O GERAL","VENCIMENTOS E VANTAGENS FIXAS -  PESSOAL CIVIL","TESOURO","716.498,14","716.498,14","716.498,14"
"2015","02","65.10.3.1.90.16.26.122.0045.2.002.01.400000","SECRETARIA DE TRANSPORTES","TRANSPORTE","ADMINISTRA��O GERAL","OUTRAS DESPESAS VARI�VEIS - PESSOAL CIVIL","TESOURO","191.581,36","191.581,36","191.581,36"
"2015","02","65.10.3.3.90.30.26.122.0045.2.002.01.400000","SECRETARIA DE TRANSPORTES","TRANSPORTE","ADMINISTRA��O GERAL","MATERIAL DE CONSUMO","TESOURO","64.934,14","699,20","699,20"
"2015","02","65.10.3.3.90.36.26.122.0045.2.002.01.400000","SECRETARIA DE TRANSPORTES","TRANSPORTE","ADMINISTRA��O GERAL","OUTROS SERVI�OS DE TERCEIROS - PESSOA F�SICA","TESOURO","0,00","25.534,45","25.534,45"
"2015","02","65.10.3.3.90.39.26.122.0045.2.002.01.400000","SECRETARIA DE TRANSPORTES","TRANSPORTE","ADMINISTRA��O GERAL","OUTROS SERVI�OS DE TERCEIROS -  PESSOA JUR�DICA","TESOURO","-779.014,07","1.381.100,27","1.119.955,28"
"2015","02","65.10.3.3.90.39.26.122.0045.2.003.01.400000","SECRETARIA DE TRANSPORTES","TRANSPORTE","ADMINISTRA��O GERAL","OUTROS SERVI�OS DE TERCEIROS -  PESSOA JUR�DICA","TESOURO","4.000,00","7.000,00","7.000,00"
"2015","02","65.10.3.3.90.39.26.122.0045.2.010.01.400000","SECRETARIA DE TRANSPORTES","TRANSPORTE","ADMINISTRA��O GERAL","OUTROS SERVI�OS DE TERCEIROS -  PESSOA JUR�DICA","TESOURO","0,00","25.937,50","27.559,62"
"2015","02","65.10.3.3.90.39.26.451.0016.1.033.01.400000","SECRETARIA DE TRANSPORTES","TRANSPORTE","INFRA-ESTRUTURA URBANA","OUTROS SERVI�OS DE TERCEIROS -  PESSOA JUR�DICA","TESOURO","93.000,00","0,00","0,00"
"2015","02","65.10.3.3.90.39.26.451.0046.1.035.01.400000","SECRETARIA DE TRANSPORTES","TRANSPORTE","INFRA-ESTRUTURA URBANA","OUTROS SERVI�OS DE TERCEIROS -  PESSOA JUR�DICA","TESOURO","0,00","77.048,89","77.048,89"
"2015","02","65.10.3.3.90.93.26.122.0045.2.002.01.400000","SECRETARIA DE TRANSPORTES","TRANSPORTE","ADMINISTRA��O GERAL","INDENIZA��ES E RESTITUI��ES","TESOURO","3.024,01","3.195,05","3.209,78"
"2015","02","65.10.4.4.90.39.26.122.0045.2.002.01.400000","SECRETARIA DE TRANSPORTES","TRANSPORTE","ADMINISTRA��O GERAL","OUTROS SERVI�OS DE TERCEIROS - PESSOA JUR�DICA","TESOURO","79.200,00","0,00","0,00"
"2015","02","65.10.4.4.90.51.26.122.0046.1.037.01.400000","SECRETARIA DE TRANSPORTES","TRANSPORTE","ADMINISTRA��O GERAL","OBRAS E INSTALA��ES","TESOURO","904.751,40","0,00","0,00"
"2015","02","65.10.4.4.90.51.26.451.0016.1.031.01.400078","SECRETARIA DE TRANSPORTES","TRANSPORTE","INFRA-ESTRUTURA URBANA","OBRAS E INSTALA��ES","TESOURO","1.271.817,43","0,00","0,00"
"2015","02","65.10.4.4.90.51.26.451.0046.1.035.01.100059","SECRETARIA DE TRANSPORTES","TRANSPORTE","INFRA-ESTRUTURA URBANA","OBRAS E INSTALA��ES","TESOURO","1.078.431,77","494.623,84","494.623,84"
"2015","02","65.10.4.4.90.51.26.451.0046.1.035.01.400000","SECRETARIA DE TRANSPORTES","TRANSPORTE","INFRA-ESTRUTURA URBANA","OBRAS E INSTALA��ES","TESOURO","90.321,37","90.321,37","90.321,37"
"2015","02","65.10.4.4.90.92.26.122.0045.2.002.01.400000","SECRETARIA DE TRANSPORTES","TRANSPORTE","ADMINISTRA��O GERAL","DESPESAS DE EXERC�CIOS ANTERIORES","TESOURO","606.191,44","606.191,44","606.191,44"
"2015","02","65.20.3.3.90.30.26.122.0048.2.091.03.400075","SECRETARIA DE TRANSPORTES","TRANSPORTE","ADMINISTRA��O GERAL","MATERIAL DE CONSUMO","RECURSOS PROPRIOS DE FUNDOS ESPECIAIS DE DESPESA - VINCULADOS","146.280,80","26.759,50","460,00"
"2015","02","65.20.3.3.90.36.26.122.0048.2.091.03.400075","SECRETARIA DE TRANSPORTES","TRANSPORTE","ADMINISTRA��O GERAL","OUTROS SERVI�OS DE TERCEIROS - PESSOA F�SICA","RECURSOS PROPRIOS DE FUNDOS ESPECIAIS DE DESPESA - VINCULADOS","5.146,44","5.146,44","5.146,44"
"2015","02","65.20.3.3.90.39.26.122.0048.2.091.03.400076","SECRETARIA DE TRANSPORTES","TRANSPORTE","ADMINISTRA��O GERAL","OUTROS SERVI�OS DE TERCEIROS -  PESSOA JUR�DICA","RECURSOS PROPRIOS DE FUNDOS ESPECIAIS DE DESPESA - VINCULADOS","107.241,66","52.293,64","42.112,82"
"2015","02","65.20.3.3.90.39.26.452.0048.2.091.03.400075","SECRETARIA DE TRANSPORTES","TRANSPORTE","SERVI�OS URBANOS","OUTROS SERVI�OS DE TERCEIROS -  PESSOA JUR�DICA","RECURSOS PROPRIOS DE FUNDOS ESPECIAIS DE DESPESA - VINCULADOS","141.043,00","304.571,21","98.925,99"
"2015","02","70.10.3.1.90.11.04.122.0050.2.002.01.110000","SECRETARIA DE DESENVOLVIMENTO ECON�MICO E DA CI�NCIA E TECNOLOGIA","ADMINISTRA��O","ADMINISTRA��O GERAL","VENCIMENTOS E VANTAGENS FIXAS -  PESSOAL CIVIL","TESOURO","148.988,67","148.988,67","148.988,67"
"2015","02","70.10.3.1.90.16.04.122.0050.2.002.01.110000","SECRETARIA DE DESENVOLVIMENTO ECON�MICO E DA CI�NCIA E TECNOLOGIA","ADMINISTRA��O","ADMINISTRA��O GERAL","OUTRAS DESPESAS VARI�VEIS - PESSOAL CIVIL","TESOURO","9.242,90","9.242,90","9.242,90"
"2015","02","70.10.3.3.50.39.19.573.0051.2.175.01.110000","SECRETARIA DE DESENVOLVIMENTO ECON�MICO E DA CI�NCIA E TECNOLOGIA","CI�NCIA E TECNOLOGIA","DIFUS�O DO CONHECIMENTO CIENT�FICO E TECNOL�GICO","OUTROS SERVI�OS DE TERCEIROS -PESSOA JUR�DICA","TESOURO","10.768.470,00","3.736.375,00","1.600.000,00"
"2015","02","70.10.3.3.90.36.04.122.0050.2.002.01.110000","SECRETARIA DE DESENVOLVIMENTO ECON�MICO E DA CI�NCIA E TECNOLOGIA","ADMINISTRA��O","ADMINISTRA��O GERAL","OUTROS SERVI�OS DE TERCEIROS - PESSOA F�SICA","TESOURO","0,00","5.082,94","5.082,94"
"2015","02","70.10.3.3.90.39.04.122.0050.2.002.01.110000","SECRETARIA DE DESENVOLVIMENTO ECON�MICO E DA CI�NCIA E TECNOLOGIA","ADMINISTRA��O","ADMINISTRA��O GERAL","OUTROS SERVI�OS DE TERCEIROS -  PESSOA JUR�DICA","TESOURO","9.626,92","7.039,29","3.871,60"
"2015","02","70.10.3.3.90.39.11.334.0052.2.093.01.110000","SECRETARIA DE DESENVOLVIMENTO ECON�MICO E DA CI�NCIA E TECNOLOGIA","TRABALHO","FOMENTO AO TRABALHO","OUTROS SERVI�OS DE TERCEIROS -  PESSOA JUR�DICA","TESOURO","0,00","34.637,00","37.677,98"
"2015","02","70.10.3.3.90.39.11.334.0053.2.095.01.110000","SECRETARIA DE DESENVOLVIMENTO ECON�MICO E DA CI�NCIA E TECNOLOGIA","TRABALHO","FOMENTO AO TRABALHO","OUTROS SERVI�OS DE TERCEIROS -  PESSOA JUR�DICA","TESOURO","91.969,44","22.992,36","22.992,36"
"2015","02","70.10.3.3.90.39.19.573.0051.2.176.01.110000","SECRETARIA DE DESENVOLVIMENTO ECON�MICO E DA CI�NCIA E TECNOLOGIA","CI�NCIA E TECNOLOGIA","DIFUS�O DO CONHECIMENTO CIENT�FICO E TECNOL�GICO","OUTROS SERVI�OS DE TERCEIROS -  PESSOA JUR�DICA","TESOURO","2.790.000,00","1.200.000,00","1.200.000,00"
"2015","02","75.10.3.1.90.11.06.181.0054.2.002.01.110000","SECRETARIA ESPECIAL DE DEFESA DO CIDAD�O","SEGURAN�A P�BLICA","POLICIAMENTO","VENCIMENTOS E VANTAGENS FIXAS -  PESSOAL CIVIL","TESOURO","1.377.742,80","1.377.742,80","1.377.742,80"
"2015","02","75.10.3.1.90.16.06.181.0054.2.002.01.110000","SECRETARIA ESPECIAL DE DEFESA DO CIDAD�O","SEGURAN�A P�BLICA","POLICIAMENTO","OUTRAS DESPESAS VARI�VEIS - PESSOAL CIVIL","TESOURO","1.033.162,12","1.033.162,12","1.033.162,12"
"2015","02","75.10.3.1.90.96.06.181.0054.2.002.01.110000","SECRETARIA ESPECIAL DE DEFESA DO CIDAD�O","SEGURAN�A P�BLICA","POLICIAMENTO","RESSARCIMENTO DE DESPESAS DE PESSOAL REQUISITADO","TESOURO","69.984,82","69.984,82","57.245,74"
"2015","02","75.10.3.3.90.14.06.181.0054.2.003.01.110000","SECRETARIA ESPECIAL DE DEFESA DO CIDAD�O","SEGURAN�A P�BLICA","POLICIAMENTO","DI�RIAS - PESSOAL CIVIL","TESOURO","500,00","500,00","500,00"
"2015","02","75.10.3.3.90.30.06.181.0054.2.002.01.110000","SECRETARIA ESPECIAL DE DEFESA DO CIDAD�O","SEGURAN�A P�BLICA","POLICIAMENTO","MATERIAL DE CONSUMO","TESOURO","6.131,00","24.021,90","1.079,50"
"2015","02","75.10.3.3.90.30.06.181.0054.2.098.01.110000","SECRETARIA ESPECIAL DE DEFESA DO CIDAD�O","SEGURAN�A P�BLICA","POLICIAMENTO","MATERIAL DE CONSUMO","TESOURO","1.462,00","0,00","0,00"
"2015","02","75.10.3.3.90.36.06.181.0054.2.002.01.110000","SECRETARIA ESPECIAL DE DEFESA DO CIDAD�O","SEGURAN�A P�BLICA","POLICIAMENTO","OUTROS SERVI�OS DE TERCEIROS - PESSOA F�SICA","TESOURO","54.805,44","45.605,44","45.605,44"
"2015","02","75.10.3.3.90.36.06.181.0055.2.100.01.110000","SECRETARIA ESPECIAL DE DEFESA DO CIDAD�O","SEGURAN�A P�BLICA","POLICIAMENTO","OUTROS SERVI�OS DE TERCEIROS - PESSOA F�SICA","TESOURO","0,00","1.600,00","1.600,00"
"2015","02","75.10.3.3.90.39.06.181.0054.2.002.01.110000","SECRETARIA ESPECIAL DE DEFESA DO CIDAD�O","SEGURAN�A P�BLICA","POLICIAMENTO","OUTROS SERVI�OS DE TERCEIROS -  PESSOA JUR�DICA","TESOURO","1.901.060,85","366.739,95","323.042,11"
"2015","02","75.10.3.3.90.39.06.181.0054.2.003.01.110000","SECRETARIA ESPECIAL DE DEFESA DO CIDAD�O","SEGURAN�A P�BLICA","POLICIAMENTO","OUTROS SERVI�OS DE TERCEIROS -  PESSOA JUR�DICA","TESOURO","8.500,00","8.500,00","9.500,00"
"2015","02","75.10.3.3.90.39.06.181.0054.2.010.01.110000","SECRETARIA ESPECIAL DE DEFESA DO CIDAD�O","SEGURAN�A P�BLICA","POLICIAMENTO","OUTROS SERVI�OS DE TERCEIROS -  PESSOA JUR�DICA","TESOURO","33.274,20","22.552,47","23.605,39"
"2015","02","75.10.3.3.90.39.06.181.0054.2.098.01.110000","SECRETARIA ESPECIAL DE DEFESA DO CIDAD�O","SEGURAN�A P�BLICA","POLICIAMENTO","OUTROS SERVI�OS DE TERCEIROS -  PESSOA JUR�DICA","TESOURO","1.160,92","0,00","315,75"
"2015","02","75.10.3.3.90.39.06.181.0055.2.100.01.110000","SECRETARIA ESPECIAL DE DEFESA DO CIDAD�O","SEGURAN�A P�BLICA","POLICIAMENTO","OUTROS SERVI�OS DE TERCEIROS -  PESSOA JUR�DICA","TESOURO","30.554,67","63.342,67","43.979,56"
"2015","02","75.10.3.3.90.39.06.182.0055.2.101.01.110000","SECRETARIA ESPECIAL DE DEFESA DO CIDAD�O","SEGURAN�A P�BLICA","DEFESA CIVIL","OUTROS SERVI�OS DE TERCEIROS -  PESSOA JUR�DICA","TESOURO","578,26","0,00","1.227,43"
"2015","02","75.10.3.3.90.39.14.422.0054.2.099.02.100047","SECRETARIA ESPECIAL DE DEFESA DO CIDAD�O","DIREITOS DA CIDADANIA","DIREITOS INDIVIDUAIS, COLETIVOS E DIFUSOS","OUTROS SERVI�OS DE TERCEIROS -  PESSOA JUR�DICA","TRANSFERENCIAS E CONVENIOS ESTADUAIS - VINCULADOS","350,00","0,00","315,75"
"2015","02","80.10.3.1.90.11.04.122.0080.2.177.01.110000","ENCARGOS GERAIS DO MUNICIPIO","ADMINISTRA��O","ADMINISTRA��O GERAL","VENCIMENTOS E VANTAGENS FIXAS -  PESSOAL CIVIL","TESOURO","1.763.534,38","1.763.534,38","1.585.790,42"
"2015","02","80.10.3.1.90.13.09.271.0080.2.178.01.110000","ENCARGOS GERAIS DO MUNICIPIO","PREVID�NCIA SOCIAL","PREVID�NCIA B�SICA","OBRIGA��ES PATRONAIS","TESOURO","376.687,73","376.687,73","376.687,73"
"2015","02","80.10.3.1.90.16.04.122.0080.2.177.01.110000","ENCARGOS GERAIS DO MUNICIPIO","ADMINISTRA��O","ADMINISTRA��O GERAL","OUTRAS DESPESAS VARI�VEIS - PESSOAL CIVIL","TESOURO","130.296,80","130.296,80","130.296,80"
"2015","02","80.10.3.1.90.94.04.122.0080.2.177.01.110000","ENCARGOS GERAIS DO MUNICIPIO","ADMINISTRA��O","ADMINISTRA��O GERAL","INDENIZA��ES E RESTITUI��ES TRABALHISTAS","TESOURO","139.547,49","139.547,49","139.547,49"
"2015","02","80.10.3.1.91.13.09.271.0080.2.178.01.110000","ENCARGOS GERAIS DO MUNICIPIO","PREVID�NCIA SOCIAL","PREVID�NCIA B�SICA","OBRIGA��ES PATRONAIS - INTRA-OR�AMENT�RIO","TESOURO","1.916.803,18","1.916.803,18","1.916.803,18"
"2015","02","80.10.3.2.90.21.28.843.0080.0.002.01.110000","ENCARGOS GERAIS DO MUNICIPIO","ENCARGOS ESPECIAIS","SERVI�O DA D�VIDA INTERNA","JUROS SOBRE A D�VIDA POR CONTRATO","TESOURO","6.031.000,00","1.251.400,63","1.251.448,15"
"2015","02","80.10.3.2.90.21.28.843.0080.0.004.01.110000","ENCARGOS GERAIS DO MUNICIPIO","ENCARGOS ESPECIAIS","SERVI�O DA D�VIDA INTERNA","JUROS SOBRE A D�VIDA POR CONTRATO","TESOURO","0,00","33.560,77","33.489,37"
"2015","02","80.10.3.2.91.21.28.843.0080.0.004.01.110000","ENCARGOS GERAIS DO MUNICIPIO","ENCARGOS ESPECIAIS","SERVI�O DA D�VIDA INTERNA","JUROS SOBRE A D�VIDA POR CONTRATO - INTRA-OR�AMENT�RIO","TESOURO","0,00","111.010,97","111.010,97"
"2015","02","80.10.3.3.90.39.04.122.0080.2.021.01.110000","ENCARGOS GERAIS DO MUNICIPIO","ADMINISTRA��O","ADMINISTRA��O GERAL","OUTROS SERVI�OS DE TERCEIROS -  PESSOA JUR�DICA","TESOURO","206,05","2.087.367,34","878.707,13"
"2015","02","80.10.3.3.90.39.04.122.0080.2.037.01.110000","ENCARGOS GERAIS DO MUNICIPIO","ADMINISTRA��O","ADMINISTRA��O GERAL","OUTROS SERVI�OS DE TERCEIROS -  PESSOA JUR�DICA","TESOURO","228.168,93","301.989,91","227.722,63"
"2015","02","80.10.3.3.90.46.04.122.0080.2.037.01.110000","ENCARGOS GERAIS DO MUNICIPIO","ADMINISTRA��O","ADMINISTRA��O GERAL","AUX�LIO ALIMENTA��O","TESOURO","941.630,00","941.630,00","941.630,00"
"2015","02","80.10.3.3.90.47.04.122.0080.2.177.01.110000","ENCARGOS GERAIS DO MUNICIPIO","ADMINISTRA��O","ADMINISTRA��O GERAL","OBRIGA��ES TRIBUT�RIAS E CONTRIBUTIVAS","TESOURO","570.963,29","570.963,29","570.963,29"
"2015","02","80.10.3.3.90.91.04.122.0080.0.001.01.110000","ENCARGOS GERAIS DO MUNICIPIO","ADMINISTRA��O","ADMINISTRA��O GERAL","SENTEN�AS JUDICIAIS","TESOURO","79.198,03","79.198,03","61.183,55"
"2015","02","80.10.3.3.90.93.04.122.0080.2.021.01.110000","ENCARGOS GERAIS DO MUNICIPIO","ADMINISTRA��O","ADMINISTRA��O GERAL","INDENIZA��ES E RESTITUI��ES","TESOURO","24.610,42","24.610,42","7.015,30"
"2015","02","80.10.3.3.90.93.04.122.0080.2.179.01.110000","ENCARGOS GERAIS DO MUNICIPIO","ADMINISTRA��O","ADMINISTRA��O GERAL","INDENIZA��ES E RESTITUI��ES","TESOURO","2.652,11","221,18","43.730,11"
"2015","02","80.10.4.6.90.71.28.843.0080.0.002.01.110000","ENCARGOS GERAIS DO MUNICIPIO","ENCARGOS ESPECIAIS","SERVI�O DA D�VIDA INTERNA","PRINCIPAL DA D�VIDA CONTRATUAL RESGATADA","TESOURO","3.928.000,00","556.091,11","556.057,56"
"2015","02","80.10.4.6.90.71.28.843.0080.0.004.01.110000","ENCARGOS GERAIS DO MUNICIPIO","ENCARGOS ESPECIAIS","SERVI�O DA D�VIDA INTERNA","PRINCIPAL DA D�VIDA CONTRATUAL RESGATADA","TESOURO","0,00","769.305,71","769.305,71"
"2015","02","80.10.4.6.91.71.28.843.0080.0.004.01.110000","ENCARGOS GERAIS DO MUNICIPIO","ENCARGOS ESPECIAIS","SERVI�O DA D�VIDA INTERNA","PRINCIPAL DA D�VIDA CONTRATUAL RESGATADA - INTRA-OR�AMENT�RIO","TESOURO","0,00","21.597,95","21.597,95"
"2015","02","85.10.3.1.90.11.18.541.0056.2.002.01.110000","SECRETARIA DE MEIO AMBIENTE","GEST�O AMBIENTAL","PRESERVA��O E CONSERVA��O AMBIENTAL","VENCIMENTOS E VANTAGENS FIXAS -  PESSOAL CIVIL","TESOURO","212.233,78","212.233,78","212.233,78"
"2015","02","85.10.3.1.90.16.18.541.0056.2.002.01.110000","SECRETARIA DE MEIO AMBIENTE","GEST�O AMBIENTAL","PRESERVA��O E CONSERVA��O AMBIENTAL","OUTRAS DESPESAS VARI�VEIS - PESSOAL CIVIL","TESOURO","40.209,54","40.209,54","40.209,54"
"2015","02","85.10.3.3.90.14.18.541.0056.2.003.01.110000","SECRETARIA DE MEIO AMBIENTE","GEST�O AMBIENTAL","PRESERVA��O E CONSERVA��O AMBIENTAL","DI�RIAS - PESSOAL CIVIL","TESOURO","1.500,00","1.500,00","1.500,00"
"2015","02","85.10.3.3.90.30.18.541.0056.2.002.01.110000","SECRETARIA DE MEIO AMBIENTE","GEST�O AMBIENTAL","PRESERVA��O E CONSERVA��O AMBIENTAL","MATERIAL DE CONSUMO","TESOURO","6.472,97","1.702,90","175,30"
"2015","02","85.10.3.3.90.36.18.541.0056.2.002.01.110000","SECRETARIA DE MEIO AMBIENTE","GEST�O AMBIENTAL","PRESERVA��O E CONSERVA��O AMBIENTAL","OUTROS SERVI�OS DE TERCEIROS - PESSOA F�SICA","TESOURO","0,00","15.053,68","15.053,68"
"2015","02","85.10.3.3.90.39.18.541.0056.2.002.01.110000","SECRETARIA DE MEIO AMBIENTE","GEST�O AMBIENTAL","PRESERVA��O E CONSERVA��O AMBIENTAL","OUTROS SERVI�OS DE TERCEIROS -  PESSOA JUR�DICA","TESOURO","537,50","108.815,35","78.447,17"
"2015","02","85.10.3.3.90.39.18.541.0056.2.003.01.110000","SECRETARIA DE MEIO AMBIENTE","GEST�O AMBIENTAL","PRESERVA��O E CONSERVA��O AMBIENTAL","OUTROS SERVI�OS DE TERCEIROS -  PESSOA JUR�DICA","TESOURO","6.000,00","6.000,00","2.000,00"
"2015","02","85.10.3.3.90.39.18.541.0056.2.024.01.110000","SECRETARIA DE MEIO AMBIENTE","GEST�O AMBIENTAL","PRESERVA��O E CONSERVA��O AMBIENTAL","OUTROS SERVI�OS DE TERCEIROS -  PESSOA JUR�DICA","TESOURO","0,00","21.194,59","0,00"
"2015","02","85.30.3.3.90.39.18.541.0058.2.112.01.110000","SECRETARIA DE MEIO AMBIENTE","GEST�O AMBIENTAL","PRESERVA��O E CONSERVA��O AMBIENTAL","OUTROS SERVI�OS DE TERCEIROS -  PESSOA JUR�DICA","TESOURO","2.589,79","2.589,79","0,00"
"2015","02","90.10.3.1.90.11.16.482.0060.2.002.01.110000","SECRETARIA DE HABITA��O","HABITA��O","HABITA��O URBANA","VENCIMENTOS E VANTAGENS FIXAS -  PESSOAL CIVIL","TESOURO","124.976,24","124.976,24","124.976,24"
"2015","02","90.10.3.1.90.16.16.482.0060.2.002.01.110000","SECRETARIA DE HABITA��O","HABITA��O","HABITA��O URBANA","OUTRAS DESPESAS VARI�VEIS - PESSOAL CIVIL","TESOURO","6.500,07","6.500,07","6.500,07"
"2015","02","90.10.3.3.90.30.16.482.0060.2.002.01.110000","SECRETARIA DE HABITA��O","HABITA��O","HABITA��O URBANA","MATERIAL DE CONSUMO","TESOURO","690,00","8.504,40","0,00"
"2015","02","90.10.3.3.90.36.16.482.0060.2.002.01.110000","SECRETARIA DE HABITA��O","HABITA��O","HABITA��O URBANA","OUTROS SERVI�OS DE TERCEIROS - PESSOA F�SICA","TESOURO","0,00","8.599,66","8.599,66"
"2015","02","90.10.3.3.90.39.16.482.0060.2.002.01.110000","SECRETARIA DE HABITA��O","HABITA��O","HABITA��O URBANA","OUTROS SERVI�OS DE TERCEIROS -  PESSOA JUR�DICA","TESOURO","49.900,00","3.526,28","2.950,06"
"2015","02","90.10.3.3.90.39.16.482.0060.2.003.01.110000","SECRETARIA DE HABITA��O","HABITA��O","HABITA��O URBANA","OUTROS SERVI�OS DE TERCEIROS -  PESSOA JUR�DICA","TESOURO","3.500,00","3.500,00","1.500,00"
"2015","02","90.10.3.3.90.39.16.482.0061.2.011.01.110000","SECRETARIA DE HABITA��O","HABITA��O","HABITA��O URBANA","OUTROS SERVI�OS DE TERCEIROS -  PESSOA JUR�DICA","TESOURO","283.592,00","0,00","0,00"
"2015","02","90.10.3.3.90.39.16.482.0061.2.024.01.110000","SECRETARIA DE HABITA��O","HABITA��O","HABITA��O URBANA","OUTROS SERVI�OS DE TERCEIROS -  PESSOA JUR�DICA","TESOURO","39.112,17","184.305,40","62.355,40"
"2015","02","90.10.4.4.90.51.16.451.0061.1.039.07.100003","SECRETARIA DE HABITA��O","HABITA��O","INFRA-ESTRUTURA URBANA","OBRAS E INSTALA��ES","OPERA��ES DE CREDITO","0,00","498.586,16","498.586,16"
"2015","02","91.10.3.1.90.11.11.332.0062.2.002.01.110000","SECRETARIA DE RELA��ES DO TRABALHO","TRABALHO","RELA��ES DE TRABALHO","VENCIMENTOS E VANTAGENS FIXAS -  PESSOAL CIVIL","TESOURO","78.106,28","78.106,28","78.106,28"
"2015","02","91.10.3.1.90.16.11.332.0062.2.002.01.110000","SECRETARIA DE RELA��ES DO TRABALHO","TRABALHO","RELA��ES DE TRABALHO","OUTRAS DESPESAS VARI�VEIS - PESSOAL CIVIL","TESOURO","3.075,28","3.075,28","3.075,28"
"2015","02","91.10.3.3.90.36.11.332.0062.2.002.01.110000","SECRETARIA DE RELA��ES DO TRABALHO","TRABALHO","RELA��ES DE TRABALHO","OUTROS SERVI�OS DE TERCEIROS - PESSOA F�SICA","TESOURO","0,00","12.127,40","12.127,40"
"2015","02","91.10.3.3.90.39.11.332.0062.2.002.01.110000","SECRETARIA DE RELA��ES DO TRABALHO","TRABALHO","RELA��ES DE TRABALHO","OUTROS SERVI�OS DE TERCEIROS -  PESSOA JUR�DICA","TESOURO","2.040,00","39.944,04","31.090,00"
"2015","02","92.10.3.1.90.11.14.422.0066.2.002.01.110000","SECRETARIA DE PROMO��O DA CIDADANIA","DIREITOS DA CIDADANIA","DIREITOS INDIVIDUAIS, COLETIVOS E DIFUSOS","VENCIMENTOS E VANTAGENS FIXAS -  PESSOAL CIVIL","TESOURO","71.925,29","71.925,29","71.925,29"
"2015","02","92.10.3.1.90.16.14.422.0066.2.002.01.110000","SECRETARIA DE PROMO��O DA CIDADANIA","DIREITOS DA CIDADANIA","DIREITOS INDIVIDUAIS, COLETIVOS E DIFUSOS","OUTRAS DESPESAS VARI�VEIS - PESSOAL CIVIL","TESOURO","3.633,36","3.633,36","3.633,36"
"2015","02","92.10.3.3.90.30.14.422.0066.2.002.01.110000","SECRETARIA DE PROMO��O DA CIDADANIA","DIREITOS DA CIDADANIA","DIREITOS INDIVIDUAIS, COLETIVOS E DIFUSOS","MATERIAL DE CONSUMO","TESOURO","5.635,74","203,70","203,70"
"2015","02","92.10.3.3.90.39.14.422.0066.2.002.01.110000","SECRETARIA DE PROMO��O DA CIDADANIA","DIREITOS DA CIDADANIA","DIREITOS INDIVIDUAIS, COLETIVOS E DIFUSOS","OUTROS SERVI�OS DE TERCEIROS -  PESSOA JUR�DICA","TESOURO","136.882,57","107.518,34","67.037,04"
"2015","02","92.10.3.3.90.39.14.422.0066.2.003.01.110000","SECRETARIA DE PROMO��O DA CIDADANIA","DIREITOS DA CIDADANIA","DIREITOS INDIVIDUAIS, COLETIVOS E DIFUSOS","OUTROS SERVI�OS DE TERCEIROS -  PESSOA JUR�DICA","TESOURO","2.000,00","2.000,00","2.000,00"
"2015","02","93.10.3.1.90.11.16.482.0073.2.002.01.110000","SECRETARIA DE REGULARIZA��O FUNDI�RIA","HABITA��O","HABITA��O URBANA","VENCIMENTOS E VANTAGENS FIXAS -  PESSOAL CIVIL","TESOURO","32.041,13","32.041,13","32.041,13"
"2015","02","93.10.3.1.90.16.16.482.0073.2.002.01.110000","SECRETARIA DE REGULARIZA��O FUNDI�RIA","HABITA��O","HABITA��O URBANA","OUTRAS DESPESAS VARI�VEIS - PESSOAL CIVIL","TESOURO","2.179,96","2.179,96","2.179,96"
"2015","02","93.10.3.3.90.30.16.482.0073.2.002.01.110000","SECRETARIA DE REGULARIZA��O FUNDI�RIA","HABITA��O","HABITA��O URBANA","MATERIAL DE CONSUMO","TESOURO","-690,00","0,00","0,00"
"2015","02","93.10.3.3.90.39.16.452.0074.2.024.01.110000","SECRETARIA DE REGULARIZA��O FUNDI�RIA","HABITA��O","SERVI�OS URBANOS","OUTROS SERVI�OS DE TERCEIROS -  PESSOA JUR�DICA","TESOURO","41.089,19","0,00","0,00"
"2015","02","93.10.3.3.90.39.16.482.0073.2.002.01.110000","SECRETARIA DE REGULARIZA��O FUNDI�RIA","HABITA��O","HABITA��O URBANA","OUTROS SERVI�OS DE TERCEIROS -  PESSOA JUR�DICA","TESOURO","27.585,00","1.147,50","1.490,00"
"2015","02","94.10.3.1.90.11.23.695.0075.2.002.01.110000","SECRETARIA DE TURISMO","COM�RCIO E SERVI�OS","TURISMO","VENCIMENTOS E VANTAGENS FIXAS -  PESSOAL CIVIL","TESOURO","34.573,77","34.573,77","34.573,77"
"2015","02","94.10.3.3.90.14.23.695.0075.2.003.01.110000","SECRETARIA DE TURISMO","COM�RCIO E SERVI�OS","TURISMO","DI�RIAS - PESSOAL CIVIL","TESOURO","1.000,00","1.000,00","1.000,00"
"2015","02","94.10.3.3.90.30.23.695.0078.2.173.01.110000","SECRETARIA DE TURISMO","COM�RCIO E SERVI�OS","TURISMO","MATERIAL DE CONSUMO","TESOURO","3.943,60","460,00","0,00"
"2015","02","94.10.3.3.90.39.23.695.0075.2.002.01.110000","SECRETARIA DE TURISMO","COM�RCIO E SERVI�OS","TURISMO","OUTROS SERVI�OS DE TERCEIROS -  PESSOA JUR�DICA","TESOURO","37.511,00","60,00","60,00"
"2015","02","94.10.3.3.90.39.23.695.0075.2.003.01.110000","SECRETARIA DE TURISMO","COM�RCIO E SERVI�OS","TURISMO","OUTROS SERVI�OS DE TERCEIROS -  PESSOA JUR�DICA","TESOURO","-7.923,00","-7.923,00","-7.923,00"
