Ano;Mês;Classificação orçamentária;Secretaria;Função;Subfunção;Natureza da despesa;Fonte de recurso;Empenhado (R$);Liquidado  (R$);Pago  (R$)
2013;04;05.10.3.1.90.11.04.122.0002.2.004.01.110000;GABINETE DO PREFEITO;ADMINISTRAÇÃO;ADMINISTRAÇÃO GERAL;VENCIMENTOS E VANTAGENS FIXAS -  PESSOAL CIVIL;TESOURO;397.871,54;397.871,54;676.440,27
2013;04;05.10.3.1.90.16.04.122.0002.2.004.01.110000;GABINETE DO PREFEITO;ADMINISTRAÇÃO;ADMINISTRAÇÃO GERAL;OUTRAS DESPESAS VARIÁVEIS - PESSOAL CIVIL;TESOURO;52.646,93;52.646,93;104.282,51
2013;04;05.10.3.3.50.41.04.122.0002.2.004.01.110000;GABINETE DO PREFEITO;ADMINISTRAÇÃO;ADMINISTRAÇÃO GERAL;CONTRIBUIÇÕES;TESOURO;91.200,00;91.200,00;91.200,00
2013;04;05.10.3.3.90.14.04.122.0002.2.004.01.110000;GABINETE DO PREFEITO;ADMINISTRAÇÃO;ADMINISTRAÇÃO GERAL;DIÁRIAS - PESSOAL CIVIL;TESOURO;2.000,00;2.000,00;2.000,00
2013;04;05.10.3.3.90.30.04.122.0002.2.004.01.110000;GABINETE DO PREFEITO;ADMINISTRAÇÃO;ADMINISTRAÇÃO GERAL;MATERIAL DE CONSUMO;TESOURO;0,00;319,20;319,20
2013;04;05.10.3.3.90.30.04.122.0002.2.046.01.110000;GABINETE DO PREFEITO;ADMINISTRAÇÃO;ADMINISTRAÇÃO GERAL;MATERIAL DE CONSUMO;TESOURO;15.098,00;519,00;519,00
2013;04;05.10.3.3.90.33.04.122.0002.2.004.01.110000;GABINETE DO PREFEITO;ADMINISTRAÇÃO;ADMINISTRAÇÃO GERAL;PASSAGENS E DESPESAS COM LOCOMOÇÃO;TESOURO;2.190,12;2.190,12;2.190,12
2013;04;05.10.3.3.90.36.04.122.0002.2.004.01.110000;GABINETE DO PREFEITO;ADMINISTRAÇÃO;ADMINISTRAÇÃO GERAL;OUTROS SERVIÇOS DE TERCEIROS - PESSOA FÍSICA;TESOURO;152,54;152,54;26.803,98
2013;04;05.10.3.3.90.36.04.122.0002.2.046.01.110000;GABINETE DO PREFEITO;ADMINISTRAÇÃO;ADMINISTRAÇÃO GERAL;OUTROS SERVIÇOS DE TERCEIROS - PESSOA FÍSICA;TESOURO;17.000,00;18.595,00;1.997,50
2013;04;05.10.3.3.90.39.04.122.0002.2.004.01.110000;GABINETE DO PREFEITO;ADMINISTRAÇÃO;ADMINISTRAÇÃO GERAL;OUTROS SERVIÇOS DE TERCEIROS -  PESSOA JURÍDICA;TESOURO;5.297,83;2.186,17;16.464,08
2013;04;05.10.3.3.90.39.04.122.0002.2.046.01.110000;GABINETE DO PREFEITO;ADMINISTRAÇÃO;ADMINISTRAÇÃO GERAL;OUTROS SERVIÇOS DE TERCEIROS -  PESSOA JURÍDICA;TESOURO;326.907,03;255.627,84;228.666,34
2013;04;05.10.3.3.90.39.04.122.0002.2.095.01.110000;GABINETE DO PREFEITO;ADMINISTRAÇÃO;ADMINISTRAÇÃO GERAL;OUTROS SERVIÇOS DE TERCEIROS -  PESSOA JURÍDICA;TESOURO;3.707,78;3.707,78;7.707,78
2013;04;05.10.4.4.90.52.04.122.0002.2.004.01.110000;GABINETE DO PREFEITO;ADMINISTRAÇÃO;ADMINISTRAÇÃO GERAL;EQUIPAMENTOS E MATERIAL PERMANENTE;TESOURO;2.593,00;0,00;1.974,00
2013;04;05.10.4.4.90.52.04.122.0002.2.046.01.110000;GABINETE DO PREFEITO;ADMINISTRAÇÃO;ADMINISTRAÇÃO GERAL;EQUIPAMENTOS E MATERIAL PERMANENTE;TESOURO;384,00;0,00;0,00
2013;04;05.20.3.3.90.30.08.244.0003.2.067.01.510000;GABINETE DO PREFEITO;ASSISTÊNCIA SOCIAL;ASSISTÊNCIA COMUNITÁRIA;MATERIAL DE CONSUMO;TESOURO;830,20;830,20;830,20
2013;04;05.20.3.3.90.39.08.244.0003.2.067.01.510000;GABINETE DO PREFEITO;ASSISTÊNCIA SOCIAL;ASSISTÊNCIA COMUNITÁRIA;OUTROS SERVIÇOS DE TERCEIROS -  PESSOA JURÍDICA;TESOURO;0,00;972,12;1.191,55
2013;04;05.20.3.3.90.39.08.244.0003.2.095.01.510000;GABINETE DO PREFEITO;ASSISTÊNCIA SOCIAL;ASSISTÊNCIA COMUNITÁRIA;OUTROS SERVIÇOS DE TERCEIROS -  PESSOA JURÍDICA;TESOURO;4.000,00;4.000,00;4.000,00
2013;04;10.10.3.1.90.11.04.122.0002.2.004.01.110000;SECRETARIA DE GOVERNO;ADMINISTRAÇÃO;ADMINISTRAÇÃO GERAL;VENCIMENTOS E VANTAGENS FIXAS -  PESSOAL CIVIL;TESOURO;234.884,54;234.884,54;400.074,52
2013;04;10.10.3.1.90.16.04.122.0002.2.004.01.110000;SECRETARIA DE GOVERNO;ADMINISTRAÇÃO;ADMINISTRAÇÃO GERAL;OUTRAS DESPESAS VARIÁVEIS - PESSOAL CIVIL;TESOURO;21.729,20;21.729,20;43.458,40
2013;04;10.10.3.3.90.30.04.122.0002.2.004.01.110000;SECRETARIA DE GOVERNO;ADMINISTRAÇÃO;ADMINISTRAÇÃO GERAL;MATERIAL DE CONSUMO;TESOURO;511,23;328,15;0,00
2013;04;10.10.3.3.90.30.04.122.0002.2.005.01.110000;SECRETARIA DE GOVERNO;ADMINISTRAÇÃO;ADMINISTRAÇÃO GERAL;MATERIAL DE CONSUMO;TESOURO;82.080,00;0,00;0,00
2013;04;10.10.3.3.90.30.04.122.0002.2.026.01.110000;SECRETARIA DE GOVERNO;ADMINISTRAÇÃO;ADMINISTRAÇÃO GERAL;MATERIAL DE CONSUMO;TESOURO;3.145,54;8.160,03;4.648,92
2013;04;10.10.3.3.90.36.04.122.0002.2.004.01.110000;SECRETARIA DE GOVERNO;ADMINISTRAÇÃO;ADMINISTRAÇÃO GERAL;OUTROS SERVIÇOS DE TERCEIROS - PESSOA FÍSICA;TESOURO;300,00;0,00;16.065,52
2013;04;10.10.3.3.90.39.04.122.0002.2.004.01.110000;SECRETARIA DE GOVERNO;ADMINISTRAÇÃO;ADMINISTRAÇÃO GERAL;OUTROS SERVIÇOS DE TERCEIROS -  PESSOA JURÍDICA;TESOURO;43.228,07;53.019,07;49.377,67
2013;04;10.10.3.3.90.39.04.122.0002.2.005.01.110000;SECRETARIA DE GOVERNO;ADMINISTRAÇÃO;ADMINISTRAÇÃO GERAL;OUTROS SERVIÇOS DE TERCEIROS -  PESSOA JURÍDICA;TESOURO;218.080,30;905.021,25;754.884,73
2013;04;10.10.3.3.90.39.04.122.0002.2.026.01.110000;SECRETARIA DE GOVERNO;ADMINISTRAÇÃO;ADMINISTRAÇÃO GERAL;OUTROS SERVIÇOS DE TERCEIROS -  PESSOA JURÍDICA;TESOURO;0,00;11.348,77;11.348,77
2013;04;10.10.3.3.90.39.04.122.0002.2.050.01.110000;SECRETARIA DE GOVERNO;ADMINISTRAÇÃO;ADMINISTRAÇÃO GERAL;OUTROS SERVIÇOS DE TERCEIROS -  PESSOA JURÍDICA;TESOURO;0,00;0,00;13.300,00
2013;04;10.10.3.3.90.39.04.122.0002.2.095.01.110000;SECRETARIA DE GOVERNO;ADMINISTRAÇÃO;ADMINISTRAÇÃO GERAL;OUTROS SERVIÇOS DE TERCEIROS -  PESSOA JURÍDICA;TESOURO;1.800,00;1.800,00;1.800,00
2013;04;10.10.4.4.90.52.04.122.0002.2.026.01.110000;SECRETARIA DE GOVERNO;ADMINISTRAÇÃO;ADMINISTRAÇÃO GERAL;EQUIPAMENTOS E MATERIAL PERMANENTE;TESOURO;6.254,00;6.254,00;6.254,00
2013;04;15.10.3.1.90.11.04.122.0002.2.004.01.110000;SECRETARIA DE ASSUNTOS JURÍDICOS;ADMINISTRAÇÃO;ADMINISTRAÇÃO GERAL;VENCIMENTOS E VANTAGENS FIXAS -  PESSOAL CIVIL;TESOURO;335.948,64;335.948,64;591.200,05
2013;04;15.10.3.1.90.16.04.122.0002.2.004.01.110000;SECRETARIA DE ASSUNTOS JURÍDICOS;ADMINISTRAÇÃO;ADMINISTRAÇÃO GERAL;OUTRAS DESPESAS VARIÁVEIS - PESSOAL CIVIL;TESOURO;56.635,36;56.635,36;112.792,74
2013;04;15.10.3.3.90.30.04.122.0002.2.004.01.110000;SECRETARIA DE ASSUNTOS JURÍDICOS;ADMINISTRAÇÃO;ADMINISTRAÇÃO GERAL;MATERIAL DE CONSUMO;TESOURO;1.235,16;114,70;0,00
2013;04;15.10.3.3.90.33.04.122.0002.2.004.01.110000;SECRETARIA DE ASSUNTOS JURÍDICOS;ADMINISTRAÇÃO;ADMINISTRAÇÃO GERAL;PASSAGENS E DESPESAS COM LOCOMOÇÃO;TESOURO;0,00;1.035,52;1.035,52
2013;04;15.10.3.3.90.35.04.122.0002.2.004.01.110000;SECRETARIA DE ASSUNTOS JURÍDICOS;ADMINISTRAÇÃO;ADMINISTRAÇÃO GERAL;SERVIÇOS DE CONSULTORIA;TESOURO;0,00;0,00;337,50
2013;04;15.10.3.3.90.36.04.122.0002.2.004.01.110000;SECRETARIA DE ASSUNTOS JURÍDICOS;ADMINISTRAÇÃO;ADMINISTRAÇÃO GERAL;OUTROS SERVIÇOS DE TERCEIROS - PESSOA FÍSICA;TESOURO;-795,21;-795,21;67.211,19
2013;04;15.10.3.3.90.36.04.122.0002.2.012.01.110000;SECRETARIA DE ASSUNTOS JURÍDICOS;ADMINISTRAÇÃO;ADMINISTRAÇÃO GERAL;OUTROS SERVIÇOS DE TERCEIROS - PESSOA FÍSICA;TESOURO;41.045,56;41.045,56;0,00
2013;04;15.10.3.3.90.36.04.122.0002.2.014.01.110000;SECRETARIA DE ASSUNTOS JURÍDICOS;ADMINISTRAÇÃO;ADMINISTRAÇÃO GERAL;OUTROS SERVIÇOS DE TERCEIROS - PESSOA FÍSICA;TESOURO;0,00;0,00;3.217,86
2013;04;15.10.3.3.90.39.04.122.0002.2.004.01.110000;SECRETARIA DE ASSUNTOS JURÍDICOS;ADMINISTRAÇÃO;ADMINISTRAÇÃO GERAL;OUTROS SERVIÇOS DE TERCEIROS -  PESSOA JURÍDICA;TESOURO;6.977,80;16.694,45;13.753,87
2013;04;15.10.3.3.90.39.04.122.0002.2.014.01.110000;SECRETARIA DE ASSUNTOS JURÍDICOS;ADMINISTRAÇÃO;ADMINISTRAÇÃO GERAL;OUTROS SERVIÇOS DE TERCEIROS -  PESSOA JURÍDICA;TESOURO;16.971,83;16.971,83;14.408,12
2013;04;15.10.3.3.90.39.04.122.0002.2.050.01.110000;SECRETARIA DE ASSUNTOS JURÍDICOS;ADMINISTRAÇÃO;ADMINISTRAÇÃO GERAL;OUTROS SERVIÇOS DE TERCEIROS -  PESSOA JURÍDICA;TESOURO;0,00;0,00;17.744,60
2013;04;15.10.3.3.90.39.04.122.0002.2.095.01.110000;SECRETARIA DE ASSUNTOS JURÍDICOS;ADMINISTRAÇÃO;ADMINISTRAÇÃO GERAL;OUTROS SERVIÇOS DE TERCEIROS -  PESSOA JURÍDICA;TESOURO;4.000,00;4.000,00;7.000,00
2013;04;15.10.4.4.90.52.04.122.0002.2.004.01.110000;SECRETARIA DE ASSUNTOS JURÍDICOS;ADMINISTRAÇÃO;ADMINISTRAÇÃO GERAL;EQUIPAMENTOS E MATERIAL PERMANENTE;TESOURO;0,00;129,00;0,00
2013;04;20.10.3.1.90.11.04.122.0002.2.004.01.110000;SECRETARIA DE ADMINISTRAÇÃO;ADMINISTRAÇÃO;ADMINISTRAÇÃO GERAL;VENCIMENTOS E VANTAGENS FIXAS -  PESSOAL CIVIL;TESOURO;769.168,58;769.168,58;1.353.380,08
2013;04;20.10.3.1.90.16.04.122.0002.2.004.01.110000;SECRETARIA DE ADMINISTRAÇÃO;ADMINISTRAÇÃO;ADMINISTRAÇÃO GERAL;OUTRAS DESPESAS VARIÁVEIS - PESSOAL CIVIL;TESOURO;139.298,46;139.298,46;278.593,27
2013;04;20.10.3.3.90.30.04.122.0002.2.004.01.110000;SECRETARIA DE ADMINISTRAÇÃO;ADMINISTRAÇÃO;ADMINISTRAÇÃO GERAL;MATERIAL DE CONSUMO;TESOURO;67.817,81;140.329,38;309.714,15
2013;04;20.10.3.3.90.36.04.122.0002.2.004.01.110000;SECRETARIA DE ADMINISTRAÇÃO;ADMINISTRAÇÃO;ADMINISTRAÇÃO GERAL;OUTROS SERVIÇOS DE TERCEIROS - PESSOA FÍSICA;TESOURO;32,09;32,09;132.713,44
2013;04;20.10.3.3.90.37.04.122.0002.2.045.01.110000;SECRETARIA DE ADMINISTRAÇÃO;ADMINISTRAÇÃO;ADMINISTRAÇÃO GERAL;LOCAÇÃO DE MÃO-DE-OBRA;TESOURO;1.786.737,42;1.443.499,41;1.516.955,84
2013;04;20.10.3.3.90.39.04.122.0002.2.004.01.110000;SECRETARIA DE ADMINISTRAÇÃO;ADMINISTRAÇÃO;ADMINISTRAÇÃO GERAL;OUTROS SERVIÇOS DE TERCEIROS -  PESSOA JURÍDICA;TESOURO;70.505,89;114.730,05;109.614,18
2013;04;20.10.3.3.90.39.04.122.0002.2.009.01.110000;SECRETARIA DE ADMINISTRAÇÃO;ADMINISTRAÇÃO;ADMINISTRAÇÃO GERAL;OUTROS SERVIÇOS DE TERCEIROS -  PESSOA JURÍDICA;TESOURO;86.997,82;121.711,46;94.505,99
2013;04;20.10.3.3.90.39.04.122.0002.2.050.01.110000;SECRETARIA DE ADMINISTRAÇÃO;ADMINISTRAÇÃO;ADMINISTRAÇÃO GERAL;OUTROS SERVIÇOS DE TERCEIROS -  PESSOA JURÍDICA;TESOURO;0,00;0,00;11.800,00
2013;04;20.10.3.3.90.39.04.122.0002.2.095.01.110000;SECRETARIA DE ADMINISTRAÇÃO;ADMINISTRAÇÃO;ADMINISTRAÇÃO GERAL;OUTROS SERVIÇOS DE TERCEIROS -  PESSOA JURÍDICA;TESOURO;1.975,80;1.975,80;1.975,80
2013;04;20.10.4.4.90.52.04.122.0002.2.004.01.110000;SECRETARIA DE ADMINISTRAÇÃO;ADMINISTRAÇÃO;ADMINISTRAÇÃO GERAL;EQUIPAMENTOS E MATERIAL PERMANENTE;TESOURO;-13.123,10;1.740,00;13.252,00
2013;04;25.10.3.1.90.11.04.122.0005.2.004.01.110000;SECRETARIA DA FAZENDA;ADMINISTRAÇÃO;ADMINISTRAÇÃO GERAL;VENCIMENTOS E VANTAGENS FIXAS -  PESSOAL CIVIL;TESOURO;545.662,19;545.662,19;950.457,65
2013;04;25.10.3.1.90.16.04.122.0005.2.004.01.110000;SECRETARIA DA FAZENDA;ADMINISTRAÇÃO;ADMINISTRAÇÃO GERAL;OUTRAS DESPESAS VARIÁVEIS - PESSOAL CIVIL;TESOURO;276.288,30;276.288,30;552.576,60
2013;04;25.10.3.3.90.14.04.122.0005.2.095.01.110000;SECRETARIA DA FAZENDA;ADMINISTRAÇÃO;ADMINISTRAÇÃO GERAL;DIÁRIAS - PESSOAL CIVIL;TESOURO;300,00;300,00;300,00
2013;04;25.10.3.3.90.30.04.122.0005.2.004.01.110000;SECRETARIA DA FAZENDA;ADMINISTRAÇÃO;ADMINISTRAÇÃO GERAL;MATERIAL DE CONSUMO;TESOURO;3.764,25;0,00;0,00
2013;04;25.10.3.3.90.31.04.122.0005.2.004.01.110000;SECRETARIA DA FAZENDA;ADMINISTRAÇÃO;ADMINISTRAÇÃO GERAL;PREMIAÇÕES CULTURAIS, ARTÍSTICAS, CIENTÍFICAS, DESPORTIVAS E OUTRAS;TESOURO;285,71;285,71;45.713,89
2013;04;25.10.3.3.90.33.04.122.0005.2.004.01.110000;SECRETARIA DA FAZENDA;ADMINISTRAÇÃO;ADMINISTRAÇÃO GERAL;PASSAGENS E DESPESAS COM LOCOMOÇÃO;TESOURO;1.454,51;12.610,61;9.042,61
2013;04;25.10.3.3.90.36.04.122.0005.2.004.01.110000;SECRETARIA DA FAZENDA;ADMINISTRAÇÃO;ADMINISTRAÇÃO GERAL;OUTROS SERVIÇOS DE TERCEIROS - PESSOA FÍSICA;TESOURO;0,00;0,00;65.382,71
2013;04;25.10.3.3.90.39.04.122.0005.1.055.01.110000;SECRETARIA DA FAZENDA;ADMINISTRAÇÃO;ADMINISTRAÇÃO GERAL;OUTROS SERVIÇOS DE TERCEIROS -  PESSOA JURÍDICA;TESOURO;0,00;9.679,60;7.878,88
2013;04;25.10.3.3.90.39.04.122.0005.2.004.01.110000;SECRETARIA DA FAZENDA;ADMINISTRAÇÃO;ADMINISTRAÇÃO GERAL;OUTROS SERVIÇOS DE TERCEIROS -  PESSOA JURÍDICA;TESOURO;22.210,12;20.603,40;4.455,40
2013;04;25.10.3.3.90.39.04.122.0005.2.009.01.110000;SECRETARIA DA FAZENDA;ADMINISTRAÇÃO;ADMINISTRAÇÃO GERAL;OUTROS SERVIÇOS DE TERCEIROS -  PESSOA JURÍDICA;TESOURO;319.670,12;268.052,34;392.511,37
2013;04;25.10.3.3.90.39.04.122.0005.2.095.01.110000;SECRETARIA DA FAZENDA;ADMINISTRAÇÃO;ADMINISTRAÇÃO GERAL;OUTROS SERVIÇOS DE TERCEIROS -  PESSOA JURÍDICA;TESOURO;-988,01;-988,01;-988,01
2013;04;25.10.4.4.90.52.04.122.0005.2.004.01.110000;SECRETARIA DA FAZENDA;ADMINISTRAÇÃO;ADMINISTRAÇÃO GERAL;EQUIPAMENTOS E MATERIAL PERMANENTE;TESOURO;0,00;615,00;43,00
2013;04;30.10.3.1.90.11.15.127.0028.2.006.01.110000;SECRETARIA DE PLANEJAMENTO URBANO;URBANISMO;ORDENAMENTO TERRITORIAL;VENCIMENTOS E VANTAGENS FIXAS -  PESSOAL CIVIL;TESOURO;293.039,53;293.039,53;511.393,82
2013;04;30.10.3.1.90.16.15.127.0028.2.006.01.110000;SECRETARIA DE PLANEJAMENTO URBANO;URBANISMO;ORDENAMENTO TERRITORIAL;OUTRAS DESPESAS VARIÁVEIS - PESSOAL CIVIL;TESOURO;32.217,03;32.217,03;64.331,48
2013;04;30.10.3.3.90.36.15.127.0028.2.006.01.110000;SECRETARIA DE PLANEJAMENTO URBANO;URBANISMO;ORDENAMENTO TERRITORIAL;OUTROS SERVIÇOS DE TERCEIROS - PESSOA FÍSICA;TESOURO;22,82;22,82;45.176,58
2013;04;30.10.3.3.90.39.15.127.0028.2.006.01.110000;SECRETARIA DE PLANEJAMENTO URBANO;URBANISMO;ORDENAMENTO TERRITORIAL;OUTROS SERVIÇOS DE TERCEIROS -  PESSOA JURÍDICA;TESOURO;147.699,73;23.277,48;22.977,48
2013;04;30.10.3.3.90.39.15.127.0028.2.045.01.110000;SECRETARIA DE PLANEJAMENTO URBANO;URBANISMO;ORDENAMENTO TERRITORIAL;OUTROS SERVIÇOS DE TERCEIROS -  PESSOA JURÍDICA;TESOURO;280.000,00;470.391,14;239.626,34
2013;04;30.10.3.3.90.39.15.127.0028.2.050.01.110000;SECRETARIA DE PLANEJAMENTO URBANO;URBANISMO;ORDENAMENTO TERRITORIAL;OUTROS SERVIÇOS DE TERCEIROS -  PESSOA JURÍDICA;TESOURO;0,00;0,00;7.300,00
2013;04;30.10.3.3.90.39.15.127.0028.2.095.01.110000;SECRETARIA DE PLANEJAMENTO URBANO;URBANISMO;ORDENAMENTO TERRITORIAL;OUTROS SERVIÇOS DE TERCEIROS -  PESSOA JURÍDICA;TESOURO;1.984,73;1.984,73;1.984,73
2013;04;35.10.3.1.90.11.04.122.0002.2.004.01.110000;SECRETARIA DE OBRAS;ADMINISTRAÇÃO;ADMINISTRAÇÃO GERAL;VENCIMENTOS E VANTAGENS FIXAS -  PESSOAL CIVIL;TESOURO;234.741,26;234.741,26;397.737,59
2013;04;35.10.3.1.90.16.04.122.0002.2.004.01.110000;SECRETARIA DE OBRAS;ADMINISTRAÇÃO;ADMINISTRAÇÃO GERAL;OUTRAS DESPESAS VARIÁVEIS - PESSOAL CIVIL;TESOURO;30.125,82;30.125,82;60.251,64
2013;04;35.10.3.3.90.14.04.122.0002.2.095.01.110000;SECRETARIA DE OBRAS;ADMINISTRAÇÃO;ADMINISTRAÇÃO GERAL;DIÁRIAS - PESSOAL CIVIL;TESOURO;500,00;500,00;500,00
2013;04;35.10.3.3.90.30.04.122.0002.2.004.01.110000;SECRETARIA DE OBRAS;ADMINISTRAÇÃO;ADMINISTRAÇÃO GERAL;MATERIAL DE CONSUMO;TESOURO;2.265,60;0,00;0,00
2013;04;35.10.3.3.90.30.04.122.0002.2.095.01.110000;SECRETARIA DE OBRAS;ADMINISTRAÇÃO;ADMINISTRAÇÃO GERAL;MATERIAL DE CONSUMO;TESOURO;1.765,00;0,00;0,00
2013;04;35.10.3.3.90.33.04.122.0002.2.004.01.110000;SECRETARIA DE OBRAS;ADMINISTRAÇÃO;ADMINISTRAÇÃO GERAL;PASSAGENS E DESPESAS COM LOCOMOÇÃO;TESOURO;500,72;0,00;0,00
2013;04;35.10.3.3.90.36.04.122.0002.2.004.01.110000;SECRETARIA DE OBRAS;ADMINISTRAÇÃO;ADMINISTRAÇÃO GERAL;OUTROS SERVIÇOS DE TERCEIROS - PESSOA FÍSICA;TESOURO;364,94;364,94;25.779,76
2013;04;35.10.3.3.90.39.04.122.0002.2.004.01.110000;SECRETARIA DE OBRAS;ADMINISTRAÇÃO;ADMINISTRAÇÃO GERAL;OUTROS SERVIÇOS DE TERCEIROS -  PESSOA JURÍDICA;TESOURO;7.370,00;18.159,26;7.495,26
2013;04;35.10.3.3.90.39.04.122.0002.2.095.01.110000;SECRETARIA DE OBRAS;ADMINISTRAÇÃO;ADMINISTRAÇÃO GERAL;OUTROS SERVIÇOS DE TERCEIROS -  PESSOA JURÍDICA;TESOURO;1.874,79;1.874,79;1.874,79
2013;04;35.10.3.3.90.39.15.451.0032.2.045.01.110000;SECRETARIA DE OBRAS;URBANISMO;INFRA-ESTRUTURA URBANA;OUTROS SERVIÇOS DE TERCEIROS -  PESSOA JURÍDICA;TESOURO;0,00;264.343,20;264.343,20
2013;04;35.10.4.4.90.51.15.451.0032.1.005.01.110000;SECRETARIA DE OBRAS;URBANISMO;INFRA-ESTRUTURA URBANA;OBRAS E INSTALAÇÕES;TESOURO;443.737,14;0,00;0,00
2013;04;35.10.4.4.90.51.15.451.0032.1.005.06.100059;SECRETARIA DE OBRAS;URBANISMO;INFRA-ESTRUTURA URBANA;OBRAS E INSTALAÇÕES;OUTRAS FONTES DE RECURSOS;34.455,10;0,00;0,00
2013;04;35.10.4.4.90.51.17.512.0010.1.012.01.110000;SECRETARIA DE OBRAS;SANEAMENTO;SANEAMENTO BÁSICO URBANO;OBRAS E INSTALAÇÕES;TESOURO;329.000,00;329.000,00;329.000,00
2013;04;35.10.4.4.90.52.04.122.0002.2.004.01.110000;SECRETARIA DE OBRAS;ADMINISTRAÇÃO;ADMINISTRAÇÃO GERAL;EQUIPAMENTOS E MATERIAL PERMANENTE;TESOURO;0,00;0,00;288,50
2013;04;40.10.3.1.90.04.12.361.0015.2.038.01.220000;SECRETARIA DE EDUCAÇÃO;EDUCAÇÃO;ENSINO FUNDAMENTAL;CONTRATAÇÃO POR TEMPO DETERMINADO;TESOURO;111.407,68;111.407,68;164.312,37
2013;04;40.10.3.1.90.04.12.365.0012.2.029.01.210000;SECRETARIA DE EDUCAÇÃO;EDUCAÇÃO;EDUCAÇÃO INFANTIL;CONTRATAÇÃO POR TEMPO DETERMINADO;TESOURO;1.904,96;1.904,96;3.253,45
2013;04;40.10.3.1.90.11.12.361.0002.2.028.01.220000;SECRETARIA DE EDUCAÇÃO;EDUCAÇÃO;ENSINO FUNDAMENTAL;VENCIMENTOS E VANTAGENS FIXAS -  PESSOAL CIVIL;TESOURO;1.005.880,10;1.005.880,10;1.741.435,41
2013;04;40.10.3.1.90.11.12.361.0015.2.038.01.220000;SECRETARIA DE EDUCAÇÃO;EDUCAÇÃO;ENSINO FUNDAMENTAL;VENCIMENTOS E VANTAGENS FIXAS -  PESSOAL CIVIL;TESOURO;179.490,06;179.490,06;321.624,97
2013;04;40.10.3.1.90.11.12.363.0017.2.025.01.200000;SECRETARIA DE EDUCAÇÃO;EDUCAÇÃO;ENSINO PROFISSIONAL;VENCIMENTOS E VANTAGENS FIXAS -  PESSOAL CIVIL;TESOURO;65.738,70;65.738,70;113.499,85
2013;04;40.10.3.1.90.11.12.365.0011.2.027.01.210000;SECRETARIA DE EDUCAÇÃO;EDUCAÇÃO;EDUCAÇÃO INFANTIL;VENCIMENTOS E VANTAGENS FIXAS -  PESSOAL CIVIL;TESOURO;29.715,37;29.715,37;53.971,04
2013;04;40.10.3.1.90.11.12.365.0012.2.029.01.210000;SECRETARIA DE EDUCAÇÃO;EDUCAÇÃO;EDUCAÇÃO INFANTIL;VENCIMENTOS E VANTAGENS FIXAS -  PESSOAL CIVIL;TESOURO;56.235,10;56.235,10;95.115,29
2013;04;40.10.3.1.90.11.12.366.0014.2.030.01.220000;SECRETARIA DE EDUCAÇÃO;EDUCAÇÃO;EDUCAÇÃO DE JOVENS E ADULTOS;VENCIMENTOS E VANTAGENS FIXAS -  PESSOAL CIVIL;TESOURO;3.121,49;3.121,49;5.157,80
2013;04;40.10.3.1.90.13.12.361.0002.2.028.01.220000;SECRETARIA DE EDUCAÇÃO;EDUCAÇÃO;ENSINO FUNDAMENTAL;OBRIGAÇÕES PATRONAIS;TESOURO;25.352,79;25.352,79;25.352,79
2013;04;40.10.3.1.90.13.12.361.0015.2.038.01.220000;SECRETARIA DE EDUCAÇÃO;EDUCAÇÃO;ENSINO FUNDAMENTAL;OBRIGAÇÕES PATRONAIS;TESOURO;19.940,51;19.940,51;19.940,51
2013;04;40.10.3.1.90.13.12.365.0011.2.027.01.210000;SECRETARIA DE EDUCAÇÃO;EDUCAÇÃO;EDUCAÇÃO INFANTIL;OBRIGAÇÕES PATRONAIS;TESOURO;6.836,25;6.836,25;6.836,25
2013;04;40.10.3.1.90.13.12.365.0012.2.029.01.210000;SECRETARIA DE EDUCAÇÃO;EDUCAÇÃO;EDUCAÇÃO INFANTIL;OBRIGAÇÕES PATRONAIS;TESOURO;331,73;331,73;331,73
2013;04;40.10.3.1.90.16.12.361.0002.2.028.01.220000;SECRETARIA DE EDUCAÇÃO;EDUCAÇÃO;ENSINO FUNDAMENTAL;OUTRAS DESPESAS VARIÁVEIS - PESSOAL CIVIL;TESOURO;184.194,36;184.194,36;361.500,17
2013;04;40.10.3.1.90.16.12.361.0015.2.038.01.220000;SECRETARIA DE EDUCAÇÃO;EDUCAÇÃO;ENSINO FUNDAMENTAL;OUTRAS DESPESAS VARIÁVEIS - PESSOAL CIVIL;TESOURO;8.905,86;8.905,86;20.473,56
2013;04;40.10.3.1.90.16.12.363.0017.2.025.01.200000;SECRETARIA DE EDUCAÇÃO;EDUCAÇÃO;ENSINO PROFISSIONAL;OUTRAS DESPESAS VARIÁVEIS - PESSOAL CIVIL;TESOURO;3.177,96;3.177,96;6.355,92
2013;04;40.10.3.1.91.13.12.361.0002.2.028.01.220000;SECRETARIA DE EDUCAÇÃO;EDUCAÇÃO;ENSINO FUNDAMENTAL;OBRIGAÇÕES PATRONAIS - INTRA-ORÇAMENTÁRIO;TESOURO;199.315,38;199.315,38;199.315,38
2013;04;40.10.3.1.91.13.12.361.0015.2.038.01.220000;SECRETARIA DE EDUCAÇÃO;EDUCAÇÃO;ENSINO FUNDAMENTAL;OBRIGAÇÕES PATRONAIS - INTRA-ORÇAMENTÁRIO;TESOURO;17.252,64;17.252,64;17.252,64
2013;04;40.10.3.1.91.13.12.363.0017.2.025.01.200000;SECRETARIA DE EDUCAÇÃO;EDUCAÇÃO;ENSINO PROFISSIONAL;OBRIGAÇÕES PATRONAIS - INTRA-ORÇAMENTÁRIO;TESOURO;15.481,90;15.481,90;15.481,90
2013;04;40.10.3.1.91.13.12.365.0011.2.027.01.210000;SECRETARIA DE EDUCAÇÃO;EDUCAÇÃO;EDUCAÇÃO INFANTIL;OBRIGAÇÕES PATRONAIS - INTRA-ORÇAMENTÁRIO;TESOURO;4.354,28;4.354,28;4.354,28
2013;04;40.10.3.1.91.13.12.365.0012.2.029.01.210000;SECRETARIA DE EDUCAÇÃO;EDUCAÇÃO;EDUCAÇÃO INFANTIL;OBRIGAÇÕES PATRONAIS - INTRA-ORÇAMENTÁRIO;TESOURO;12.930,00;12.930,00;12.930,00
2013;04;40.10.3.2.90.21.12.361.0013.0.011.01.220000;SECRETARIA DE EDUCAÇÃO;EDUCAÇÃO;ENSINO FUNDAMENTAL;JUROS SOBRE A DÍVIDA POR CONTRATO;TESOURO;0,00;0,00;128.953,30
2013;04;40.10.3.3.50.43.12.365.0012.2.062.01.210000;SECRETARIA DE EDUCAÇÃO;EDUCAÇÃO;EDUCAÇÃO INFANTIL;SUBVENÇÕES SOCIAIS;TESOURO;0,00;1.153.108,80;1.648.430,83
2013;04;40.10.3.3.50.43.12.367.0016.2.037.01.240000;SECRETARIA DE EDUCAÇÃO;EDUCAÇÃO;EDUCAÇÃO ESPECIAL;SUBVENÇÕES SOCIAIS;TESOURO;0,00;0,00;3.831,37
2013;04;40.10.3.3.90.14.12.361.0015.2.095.01.220000;SECRETARIA DE EDUCAÇÃO;EDUCAÇÃO;ENSINO FUNDAMENTAL;DIÁRIAS - PESSOAL CIVIL;TESOURO;2.000,00;2.000,00;0,00
2013;04;40.10.3.3.90.30.12.306.0037.2.043.01.220000;SECRETARIA DE EDUCAÇÃO;EDUCAÇÃO;ALIMENTAÇÃO E NUTRIÇÃO;MATERIAL DE CONSUMO;TESOURO;197.618,30;297.553,76;312.029,81
2013;04;40.10.3.3.90.30.12.306.0037.2.043.05.220010;SECRETARIA DE EDUCAÇÃO;EDUCAÇÃO;ALIMENTAÇÃO E NUTRIÇÃO;MATERIAL DE CONSUMO;TRANSFERENCIAS E CONVENIOS FEDERAIS - VINCULADOS;81.690,00;104.229,36;128.010,01
2013;04;40.10.3.3.90.30.12.306.0037.2.043.05.220011;SECRETARIA DE EDUCAÇÃO;EDUCAÇÃO;ALIMENTAÇÃO E NUTRIÇÃO;MATERIAL DE CONSUMO;TRANSFERENCIAS E CONVENIOS FEDERAIS - VINCULADOS;170.281,59;406.074,56;216.091,36
2013;04;40.10.3.3.90.30.12.306.0037.2.043.05.220032;SECRETARIA DE EDUCAÇÃO;EDUCAÇÃO;ALIMENTAÇÃO E NUTRIÇÃO;MATERIAL DE CONSUMO;TRANSFERENCIAS E CONVENIOS FEDERAIS - VINCULADOS;5.661,00;673.260,19;278.203,76
2013;04;40.10.3.3.90.30.12.361.0002.2.028.01.220000;SECRETARIA DE EDUCAÇÃO;EDUCAÇÃO;ENSINO FUNDAMENTAL;MATERIAL DE CONSUMO;TESOURO;68.631,62;29.698,98;26.724,71
2013;04;40.10.3.3.90.30.12.361.0002.2.095.01.220000;SECRETARIA DE EDUCAÇÃO;EDUCAÇÃO;ENSINO FUNDAMENTAL;MATERIAL DE CONSUMO;TESOURO;12.000,00;12.000,00;8.000,00
2013;04;40.10.3.3.90.30.12.361.0015.2.023.01.220000;SECRETARIA DE EDUCAÇÃO;EDUCAÇÃO;ENSINO FUNDAMENTAL;MATERIAL DE CONSUMO;TESOURO;290.000,00;0,00;0,00
2013;04;40.10.3.3.90.30.12.361.0015.2.038.01.220000;SECRETARIA DE EDUCAÇÃO;EDUCAÇÃO;ENSINO FUNDAMENTAL;MATERIAL DE CONSUMO;TESOURO;642.949,67;343.202,30;152.543,63
2013;04;40.10.3.3.90.30.12.361.0015.2.038.05.220032;SECRETARIA DE EDUCAÇÃO;EDUCAÇÃO;ENSINO FUNDAMENTAL;MATERIAL DE CONSUMO;TRANSFERENCIAS E CONVENIOS FEDERAIS - VINCULADOS;59.851,65;42.108,40;45.871,90
2013;04;40.10.3.3.90.30.12.361.0015.2.095.01.220000;SECRETARIA DE EDUCAÇÃO;EDUCAÇÃO;ENSINO FUNDAMENTAL;MATERIAL DE CONSUMO;TESOURO;1.994,78;1.994,78;-5,22
2013;04;40.10.3.3.90.30.12.365.0011.2.027.01.210000;SECRETARIA DE EDUCAÇÃO;EDUCAÇÃO;EDUCAÇÃO INFANTIL;MATERIAL DE CONSUMO;TESOURO;21.777,20;14.448,92;5.872,46
2013;04;40.10.3.3.90.30.12.365.0011.2.095.01.210000;SECRETARIA DE EDUCAÇÃO;EDUCAÇÃO;EDUCAÇÃO INFANTIL;MATERIAL DE CONSUMO;TESOURO;-8,73;-8,73;-8,73
2013;04;40.10.3.3.90.30.12.365.0012.2.029.01.210000;SECRETARIA DE EDUCAÇÃO;EDUCAÇÃO;EDUCAÇÃO INFANTIL;MATERIAL DE CONSUMO;TESOURO;43.123,04;2.879,21;600,00
2013;04;40.10.3.3.90.36.12.361.0015.2.036.01.220000;SECRETARIA DE EDUCAÇÃO;EDUCAÇÃO;ENSINO FUNDAMENTAL;OUTROS SERVIÇOS DE TERCEIROS - PESSOA FÍSICA;TESOURO;0,00;9.056.723,66;1.064.215,41
2013;04;40.10.3.3.90.36.12.361.0015.2.036.02.220013;SECRETARIA DE EDUCAÇÃO;EDUCAÇÃO;ENSINO FUNDAMENTAL;OUTROS SERVIÇOS DE TERCEIROS - PESSOA FÍSICA;TRANSFERENCIAS E CONVENIOS ESTADUAIS - VINCULADOS;0,00;2.273.881,42;214.203,32
2013;04;40.10.3.3.90.36.12.361.0015.2.036.05.220007;SECRETARIA DE EDUCAÇÃO;EDUCAÇÃO;ENSINO FUNDAMENTAL;OUTROS SERVIÇOS DE TERCEIROS - PESSOA FÍSICA;TRANSFERENCIAS E CONVENIOS FEDERAIS - VINCULADOS;0,00;272.691,12;26.503,36
2013;04;40.10.3.3.90.36.12.361.0015.2.036.05.220032;SECRETARIA DE EDUCAÇÃO;EDUCAÇÃO;ENSINO FUNDAMENTAL;OUTROS SERVIÇOS DE TERCEIROS - PESSOA FÍSICA;TRANSFERENCIAS E CONVENIOS FEDERAIS - VINCULADOS;0,00;1.170.746,88;271.496,92
2013;04;40.10.3.3.90.36.12.361.0015.2.038.01.220000;SECRETARIA DE EDUCAÇÃO;EDUCAÇÃO;ENSINO FUNDAMENTAL;OUTROS SERVIÇOS DE TERCEIROS - PESSOA FÍSICA;TESOURO;1.511.535,65;1.511.535,65;1.625.510,49
2013;04;40.10.3.3.90.36.12.361.0015.2.038.05.220032;SECRETARIA DE EDUCAÇÃO;EDUCAÇÃO;ENSINO FUNDAMENTAL;OUTROS SERVIÇOS DE TERCEIROS - PESSOA FÍSICA;TRANSFERENCIAS E CONVENIOS FEDERAIS - VINCULADOS;0,00;2.411,50;1.033,50
2013;04;40.10.3.3.90.36.12.365.0011.2.027.01.210000;SECRETARIA DE EDUCAÇÃO;EDUCAÇÃO;EDUCAÇÃO INFANTIL;OUTROS SERVIÇOS DE TERCEIROS - PESSOA FÍSICA;TESOURO;0,00;0,00;150,12
2013;04;40.10.3.3.90.36.12.365.0012.2.029.01.210000;SECRETARIA DE EDUCAÇÃO;EDUCAÇÃO;EDUCAÇÃO INFANTIL;OUTROS SERVIÇOS DE TERCEIROS - PESSOA FÍSICA;TESOURO;407,49;407,49;407,49
2013;04;40.10.3.3.90.37.12.361.0015.2.045.01.220000;SECRETARIA DE EDUCAÇÃO;EDUCAÇÃO;ENSINO FUNDAMENTAL;LOCAÇÃO DE MÃO-DE-OBRA;TESOURO;0,00;1.426.069,78;119.072,71
2013;04;40.10.3.3.90.39.12.306.0037.2.043.05.220032;SECRETARIA DE EDUCAÇÃO;EDUCAÇÃO;ALIMENTAÇÃO E NUTRIÇÃO;OUTROS SERVIÇOS DE TERCEIROS -  PESSOA JURÍDICA;TRANSFERENCIAS E CONVENIOS FEDERAIS - VINCULADOS;0,00;700.386,32;289.459,93
2013;04;40.10.3.3.90.39.12.361.0002.2.015.01.220000;SECRETARIA DE EDUCAÇÃO;EDUCAÇÃO;ENSINO FUNDAMENTAL;OUTROS SERVIÇOS DE TERCEIROS -  PESSOA JURÍDICA;TESOURO;3.370,75;34.260,58;38.180,48
2013;04;40.10.3.3.90.39.12.361.0002.2.028.01.220000;SECRETARIA DE EDUCAÇÃO;EDUCAÇÃO;ENSINO FUNDAMENTAL;OUTROS SERVIÇOS DE TERCEIROS -  PESSOA JURÍDICA;TESOURO;218.983,37;105.120,16;142.867,61
2013;04;40.10.3.3.90.39.12.361.0002.2.031.01.220000;SECRETARIA DE EDUCAÇÃO;EDUCAÇÃO;ENSINO FUNDAMENTAL;OUTROS SERVIÇOS DE TERCEIROS -  PESSOA JURÍDICA;TESOURO;-1.424,61;16.617,05;721.398,06
2013;04;40.10.3.3.90.39.12.361.0002.2.050.01.220000;SECRETARIA DE EDUCAÇÃO;EDUCAÇÃO;ENSINO FUNDAMENTAL;OUTROS SERVIÇOS DE TERCEIROS -  PESSOA JURÍDICA;TESOURO;5.484,24;5.484,24;2.609,36
2013;04;40.10.3.3.90.39.12.361.0002.2.095.01.220000;SECRETARIA DE EDUCAÇÃO;EDUCAÇÃO;ENSINO FUNDAMENTAL;OUTROS SERVIÇOS DE TERCEIROS -  PESSOA JURÍDICA;TESOURO;2.000,00;2.000,00;2.000,00
2013;04;40.10.3.3.90.39.12.361.0015.2.015.01.220000;SECRETARIA DE EDUCAÇÃO;EDUCAÇÃO;ENSINO FUNDAMENTAL;OUTROS SERVIÇOS DE TERCEIROS -  PESSOA JURÍDICA;TESOURO;0,00;9.522,43;9.522,43
2013;04;40.10.3.3.90.39.12.361.0015.2.036.01.220000;SECRETARIA DE EDUCAÇÃO;EDUCAÇÃO;ENSINO FUNDAMENTAL;OUTROS SERVIÇOS DE TERCEIROS -  PESSOA JURÍDICA;TESOURO;577.500,00;577.500,00;0,00
2013;04;40.10.3.3.90.39.12.361.0015.2.038.01.220000;SECRETARIA DE EDUCAÇÃO;EDUCAÇÃO;ENSINO FUNDAMENTAL;OUTROS SERVIÇOS DE TERCEIROS -  PESSOA JURÍDICA;TESOURO;2.543.929,61;1.043.784,95;1.046.771,31
2013;04;40.10.3.3.90.39.12.361.0015.2.038.05.220032;SECRETARIA DE EDUCAÇÃO;EDUCAÇÃO;ENSINO FUNDAMENTAL;OUTROS SERVIÇOS DE TERCEIROS -  PESSOA JURÍDICA;TRANSFERENCIAS E CONVENIOS FEDERAIS - VINCULADOS;1.440,00;23.711,41;27.607,42
2013;04;40.10.3.3.90.39.12.365.0011.1.039.01.210000;SECRETARIA DE EDUCAÇÃO;EDUCAÇÃO;EDUCAÇÃO INFANTIL;OUTROS SERVIÇOS DE TERCEIROS -  PESSOA JURÍDICA;TESOURO;180,00;0,00;0,00
2013;04;40.10.3.3.90.39.12.365.0011.2.027.01.210000;SECRETARIA DE EDUCAÇÃO;EDUCAÇÃO;EDUCAÇÃO INFANTIL;OUTROS SERVIÇOS DE TERCEIROS -  PESSOA JURÍDICA;TESOURO;1.774,00;1.564,00;1.564,00
2013;04;40.10.3.3.90.39.12.365.0011.2.050.01.210000;SECRETARIA DE EDUCAÇÃO;EDUCAÇÃO;EDUCAÇÃO INFANTIL;OUTROS SERVIÇOS DE TERCEIROS -  PESSOA JURÍDICA;TESOURO;20.700,00;20.700,00;8.820,49
2013;04;40.10.3.3.90.39.12.365.0011.2.095.01.210000;SECRETARIA DE EDUCAÇÃO;EDUCAÇÃO;EDUCAÇÃO INFANTIL;OUTROS SERVIÇOS DE TERCEIROS -  PESSOA JURÍDICA;TESOURO;-4,20;-4,20;-4,20
2013;04;40.10.3.3.90.39.12.365.0012.1.038.01.210000;SECRETARIA DE EDUCAÇÃO;EDUCAÇÃO;EDUCAÇÃO INFANTIL;OUTROS SERVIÇOS DE TERCEIROS -  PESSOA JURÍDICA;TESOURO;0,00;0,00;790,00
2013;04;40.10.3.3.90.39.12.365.0012.2.029.01.210000;SECRETARIA DE EDUCAÇÃO;EDUCAÇÃO;EDUCAÇÃO INFANTIL;OUTROS SERVIÇOS DE TERCEIROS -  PESSOA JURÍDICA;TESOURO;3.170,00;0,00;285,00
2013;04;40.10.3.3.90.39.12.366.0014.2.015.01.220000;SECRETARIA DE EDUCAÇÃO;EDUCAÇÃO;EDUCAÇÃO DE JOVENS E ADULTOS;OUTROS SERVIÇOS DE TERCEIROS -  PESSOA JURÍDICA;TESOURO;900,00;900,00;900,00
2013;04;40.10.3.3.90.39.12.367.0016.2.037.01.240000;SECRETARIA DE EDUCAÇÃO;EDUCAÇÃO;EDUCAÇÃO ESPECIAL;OUTROS SERVIÇOS DE TERCEIROS -  PESSOA JURÍDICA;TESOURO;360,00;0,00;1.080,00
2013;04;40.10.3.3.90.46.12.361.0002.2.015.01.220000;SECRETARIA DE EDUCAÇÃO;EDUCAÇÃO;ENSINO FUNDAMENTAL;AUXÍLIO ALIMENTAÇÃO;TESOURO;101.280,00;101.280,00;101.280,00
2013;04;40.10.3.3.90.46.12.361.0015.2.015.01.220000;SECRETARIA DE EDUCAÇÃO;EDUCAÇÃO;ENSINO FUNDAMENTAL;AUXÍLIO ALIMENTAÇÃO;TESOURO;200.175,00;200.175,00;200.175,00
2013;04;40.10.3.3.90.46.12.363.0017.2.015.01.200000;SECRETARIA DE EDUCAÇÃO;EDUCAÇÃO;ENSINO PROFISSIONAL;AUXÍLIO ALIMENTAÇÃO;TESOURO;4.290,00;4.290,00;4.290,00
2013;04;40.10.3.3.90.46.12.365.0011.2.015.01.210000;SECRETARIA DE EDUCAÇÃO;EDUCAÇÃO;EDUCAÇÃO INFANTIL;AUXÍLIO ALIMENTAÇÃO;TESOURO;90.510,00;90.510,00;90.510,00
2013;04;40.10.3.3.90.46.12.365.0012.2.015.01.210000;SECRETARIA DE EDUCAÇÃO;EDUCAÇÃO;EDUCAÇÃO INFANTIL;AUXÍLIO ALIMENTAÇÃO;TESOURO;53.925,00;53.925,00;53.925,00
2013;04;40.10.3.3.90.47.12.361.0002.2.028.01.220000;SECRETARIA DE EDUCAÇÃO;EDUCAÇÃO;ENSINO FUNDAMENTAL;OBRIGAÇÕES TRIBUTÁRIAS E CONTRIBUTIVAS;TESOURO;66.048,85;66.048,85;66.048,85
2013;04;40.10.3.3.90.47.12.361.0015.2.038.01.220000;SECRETARIA DE EDUCAÇÃO;EDUCAÇÃO;ENSINO FUNDAMENTAL;OBRIGAÇÕES TRIBUTÁRIAS E CONTRIBUTIVAS;TESOURO;15.796,04;15.796,04;15.796,04
2013;04;40.10.3.3.90.47.12.363.0017.2.025.01.200000;SECRETARIA DE EDUCAÇÃO;EDUCAÇÃO;ENSINO PROFISSIONAL;OBRIGAÇÕES TRIBUTÁRIAS E CONTRIBUTIVAS;TESOURO;5.005,12;5.005,12;5.005,12
2013;04;40.10.3.3.90.47.12.365.0011.2.027.01.210000;SECRETARIA DE EDUCAÇÃO;EDUCAÇÃO;EDUCAÇÃO INFANTIL;OBRIGAÇÕES TRIBUTÁRIAS E CONTRIBUTIVAS;TESOURO;1.060,91;1.060,91;1.060,91
2013;04;40.10.3.3.90.47.12.365.0012.2.029.01.210000;SECRETARIA DE EDUCAÇÃO;EDUCAÇÃO;EDUCAÇÃO INFANTIL;OBRIGAÇÕES TRIBUTÁRIAS E CONTRIBUTIVAS;TESOURO;3.974,71;3.974,71;3.974,71
2013;04;40.10.3.3.90.93.12.361.0002.2.028.01.220000;SECRETARIA DE EDUCAÇÃO;EDUCAÇÃO;ENSINO FUNDAMENTAL;INDENIZAÇÕES E RESTITUIÇÕES;TESOURO;10.018,40;10.018,40;10.018,40
2013;04;40.10.3.3.90.93.12.361.0015.2.036.05.220032;SECRETARIA DE EDUCAÇÃO;EDUCAÇÃO;ENSINO FUNDAMENTAL;INDENIZAÇÕES E RESTITUIÇÕES;TRANSFERENCIAS E CONVENIOS FEDERAIS - VINCULADOS;4.000,00;4.000,00;4.000,00
2013;04;40.10.3.3.90.93.12.361.0015.2.038.01.220000;SECRETARIA DE EDUCAÇÃO;EDUCAÇÃO;ENSINO FUNDAMENTAL;INDENIZAÇÕES E RESTITUIÇÕES;TESOURO;0,00;0,00;111.693,10
2013;04;40.10.4.4.90.51.12.361.0015.1.011.01.220000;SECRETARIA DE EDUCAÇÃO;EDUCAÇÃO;ENSINO FUNDAMENTAL;OBRAS E INSTALAÇÕES;TESOURO;509.294,00;77.707,67;126.328,58
2013;04;40.10.4.4.90.51.12.365.0011.1.039.01.210000;SECRETARIA DE EDUCAÇÃO;EDUCAÇÃO;EDUCAÇÃO INFANTIL;OBRAS E INSTALAÇÕES;TESOURO;0,00;119.374,42;0,00
2013;04;40.10.4.4.90.51.12.365.0012.1.038.01.210000;SECRETARIA DE EDUCAÇÃO;EDUCAÇÃO;EDUCAÇÃO INFANTIL;OBRAS E INSTALAÇÕES;TESOURO;0,00;612.962,98;612.892,98
2013;04;40.10.4.4.90.52.12.361.0002.2.028.01.220000;SECRETARIA DE EDUCAÇÃO;EDUCAÇÃO;ENSINO FUNDAMENTAL;EQUIPAMENTOS E MATERIAL PERMANENTE;TESOURO;13.315,00;7.395,19;5.110,98
2013;04;40.10.4.4.90.52.12.361.0015.2.038.01.220000;SECRETARIA DE EDUCAÇÃO;EDUCAÇÃO;ENSINO FUNDAMENTAL;EQUIPAMENTOS E MATERIAL PERMANENTE;TESOURO;15.526,51;21.000,00;20.630,00
2013;04;40.10.4.4.90.52.12.361.0015.2.038.05.220032;SECRETARIA DE EDUCAÇÃO;EDUCAÇÃO;ENSINO FUNDAMENTAL;EQUIPAMENTOS E MATERIAL PERMANENTE;TRANSFERENCIAS E CONVENIOS FEDERAIS - VINCULADOS;12.485,46;3.100,00;3.218,70
2013;04;40.10.4.4.90.52.12.365.0011.2.027.01.210000;SECRETARIA DE EDUCAÇÃO;EDUCAÇÃO;EDUCAÇÃO INFANTIL;EQUIPAMENTOS E MATERIAL PERMANENTE;TESOURO;2.705,10;205,00;205,00
2013;04;40.10.4.4.90.52.12.365.0012.2.029.01.210000;SECRETARIA DE EDUCAÇÃO;EDUCAÇÃO;EDUCAÇÃO INFANTIL;EQUIPAMENTOS E MATERIAL PERMANENTE;TESOURO;438,00;0,00;0,00
2013;04;40.10.4.6.90.71.12.361.0013.0.011.01.220000;SECRETARIA DE EDUCAÇÃO;EDUCAÇÃO;ENSINO FUNDAMENTAL;PRINCIPAL DA DÍVIDA CONTRATUAL RESGATADA;TESOURO;0,00;0,00;21.324,41
2013;04;40.20.3.1.90.04.12.361.0015.2.022.02.261000;SECRETARIA DE EDUCAÇÃO;EDUCAÇÃO;ENSINO FUNDAMENTAL;CONTRATAÇÃO POR TEMPO DETERMINADO;TRANSFERENCIAS E CONVENIOS ESTADUAIS - VINCULADOS;824.774,77;824.774,77;1.453.628,01
2013;04;40.20.3.1.90.04.12.365.0011.2.073.02.261000;SECRETARIA DE EDUCAÇÃO;EDUCAÇÃO;EDUCAÇÃO INFANTIL;CONTRATAÇÃO POR TEMPO DETERMINADO;TRANSFERENCIAS E CONVENIOS ESTADUAIS - VINCULADOS;136.264,67;136.264,67;249.090,99
2013;04;40.20.3.1.90.04.12.365.0012.2.074.02.261000;SECRETARIA DE EDUCAÇÃO;EDUCAÇÃO;EDUCAÇÃO INFANTIL;CONTRATAÇÃO POR TEMPO DETERMINADO;TRANSFERENCIAS E CONVENIOS ESTADUAIS - VINCULADOS;167.044,52;167.044,52;325.948,73
2013;04;40.20.3.1.90.04.12.366.0014.2.075.02.261000;SECRETARIA DE EDUCAÇÃO;EDUCAÇÃO;EDUCAÇÃO DE JOVENS E ADULTOS;CONTRATAÇÃO POR TEMPO DETERMINADO;TRANSFERENCIAS E CONVENIOS ESTADUAIS - VINCULADOS;49,10;49,10;49,10
2013;04;40.20.3.1.90.11.12.361.0015.2.022.02.261000;SECRETARIA DE EDUCAÇÃO;EDUCAÇÃO;ENSINO FUNDAMENTAL;VENCIMENTOS E VANTAGENS FIXAS -  PESSOAL CIVIL;TRANSFERENCIAS E CONVENIOS ESTADUAIS - VINCULADOS;6.223.107,22;6.223.107,22;10.942.308,68
2013;04;40.20.3.1.90.11.12.365.0011.2.073.02.261000;SECRETARIA DE EDUCAÇÃO;EDUCAÇÃO;EDUCAÇÃO INFANTIL;VENCIMENTOS E VANTAGENS FIXAS -  PESSOAL CIVIL;TRANSFERENCIAS E CONVENIOS ESTADUAIS - VINCULADOS;2.559.810,34;2.559.810,34;4.450.023,08
2013;04;40.20.3.1.90.11.12.365.0012.2.074.02.261000;SECRETARIA DE EDUCAÇÃO;EDUCAÇÃO;EDUCAÇÃO INFANTIL;VENCIMENTOS E VANTAGENS FIXAS -  PESSOAL CIVIL;TRANSFERENCIAS E CONVENIOS ESTADUAIS - VINCULADOS;772.730,68;772.730,68;1.330.912,77
2013;04;40.20.3.1.90.11.12.366.0014.2.075.02.261000;SECRETARIA DE EDUCAÇÃO;EDUCAÇÃO;EDUCAÇÃO DE JOVENS E ADULTOS;VENCIMENTOS E VANTAGENS FIXAS -  PESSOAL CIVIL;TRANSFERENCIAS E CONVENIOS ESTADUAIS - VINCULADOS;45.656,74;45.656,74;79.911,43
2013;04;40.20.3.1.90.13.12.361.0015.2.022.02.261000;SECRETARIA DE EDUCAÇÃO;EDUCAÇÃO;ENSINO FUNDAMENTAL;OBRIGAÇÕES PATRONAIS;TRANSFERENCIAS E CONVENIOS ESTADUAIS - VINCULADOS;132.179,22;132.179,22;132.179,22
2013;04;40.20.3.1.90.13.12.361.0015.2.114.02.262000;SECRETARIA DE EDUCAÇÃO;EDUCAÇÃO;ENSINO FUNDAMENTAL;OBRIGAÇÕES PATRONAIS;TRANSFERENCIAS E CONVENIOS ESTADUAIS - VINCULADOS;32.478,62;32.478,62;32.478,62
2013;04;40.20.3.1.90.13.12.365.0011.2.073.02.261000;SECRETARIA DE EDUCAÇÃO;EDUCAÇÃO;EDUCAÇÃO INFANTIL;OBRIGAÇÕES PATRONAIS;TRANSFERENCIAS E CONVENIOS ESTADUAIS - VINCULADOS;16.956,66;16.956,66;16.956,66
2013;04;40.20.3.1.90.13.12.365.0011.2.115.02.262000;SECRETARIA DE EDUCAÇÃO;EDUCAÇÃO;EDUCAÇÃO INFANTIL;OBRIGAÇÕES PATRONAIS;TRANSFERENCIAS E CONVENIOS ESTADUAIS - VINCULADOS;4.056,66;4.056,66;4.056,66
2013;04;40.20.3.1.90.13.12.365.0012.2.074.02.261000;SECRETARIA DE EDUCAÇÃO;EDUCAÇÃO;EDUCAÇÃO INFANTIL;OBRIGAÇÕES PATRONAIS;TRANSFERENCIAS E CONVENIOS ESTADUAIS - VINCULADOS;29.291,46;29.291,46;29.291,46
2013;04;40.20.3.1.90.13.12.366.0014.2.075.02.261000;SECRETARIA DE EDUCAÇÃO;EDUCAÇÃO;EDUCAÇÃO DE JOVENS E ADULTOS;OBRIGAÇÕES PATRONAIS;TRANSFERENCIAS E CONVENIOS ESTADUAIS - VINCULADOS;1.343,37;1.343,37;1.343,37
2013;04;40.20.3.1.90.13.12.366.0014.2.117.02.262000;SECRETARIA DE EDUCAÇÃO;EDUCAÇÃO;EDUCAÇÃO DE JOVENS E ADULTOS;OBRIGAÇÕES PATRONAIS;TRANSFERENCIAS E CONVENIOS ESTADUAIS - VINCULADOS;335,84;335,84;335,84
2013;04;40.20.3.1.90.16.12.361.0015.2.022.02.261000;SECRETARIA DE EDUCAÇÃO;EDUCAÇÃO;ENSINO FUNDAMENTAL;OUTRAS DESPESAS VARIÁVEIS - PESSOAL CIVIL;TRANSFERENCIAS E CONVENIOS ESTADUAIS - VINCULADOS;778.982,15;778.982,15;1.583.596,48
2013;04;40.20.3.1.90.16.12.365.0011.2.073.02.261000;SECRETARIA DE EDUCAÇÃO;EDUCAÇÃO;EDUCAÇÃO INFANTIL;OUTRAS DESPESAS VARIÁVEIS - PESSOAL CIVIL;TRANSFERENCIAS E CONVENIOS ESTADUAIS - VINCULADOS;344.742,75;344.742,75;692.774,39
2013;04;40.20.3.1.90.16.12.365.0012.2.074.02.261000;SECRETARIA DE EDUCAÇÃO;EDUCAÇÃO;EDUCAÇÃO INFANTIL;OUTRAS DESPESAS VARIÁVEIS - PESSOAL CIVIL;TRANSFERENCIAS E CONVENIOS ESTADUAIS - VINCULADOS;121.970,18;121.970,18;243.940,36
2013;04;40.20.3.1.90.16.12.366.0014.2.075.02.261000;SECRETARIA DE EDUCAÇÃO;EDUCAÇÃO;EDUCAÇÃO DE JOVENS E ADULTOS;OUTRAS DESPESAS VARIÁVEIS - PESSOAL CIVIL;TRANSFERENCIAS E CONVENIOS ESTADUAIS - VINCULADOS;0,25;0,25;0,25
2013;04;40.20.3.1.90.94.12.361.0015.2.022.02.261000;SECRETARIA DE EDUCAÇÃO;EDUCAÇÃO;ENSINO FUNDAMENTAL;INDENIZAÇÕES E RESTITUIÇÕES TRABALHISTAS;TRANSFERENCIAS E CONVENIOS ESTADUAIS - VINCULADOS;90.145,24;89.059,04;145.875,33
2013;04;40.20.3.1.90.94.12.365.0011.2.073.02.261000;SECRETARIA DE EDUCAÇÃO;EDUCAÇÃO;EDUCAÇÃO INFANTIL;INDENIZAÇÕES E RESTITUIÇÕES TRABALHISTAS;TRANSFERENCIAS E CONVENIOS ESTADUAIS - VINCULADOS;29.124,58;29.124,58;34.100,87
2013;04;40.20.3.1.90.94.12.365.0012.2.074.02.261000;SECRETARIA DE EDUCAÇÃO;EDUCAÇÃO;EDUCAÇÃO INFANTIL;INDENIZAÇÕES E RESTITUIÇÕES TRABALHISTAS;TRANSFERENCIAS E CONVENIOS ESTADUAIS - VINCULADOS;8.991,82;8.991,82;12.767,88
2013;04;40.20.3.1.90.94.12.366.0014.2.075.02.261000;SECRETARIA DE EDUCAÇÃO;EDUCAÇÃO;EDUCAÇÃO DE JOVENS E ADULTOS;INDENIZAÇÕES E RESTITUIÇÕES TRABALHISTAS;TRANSFERENCIAS E CONVENIOS ESTADUAIS - VINCULADOS;94,53;94,53;94,53
2013;04;40.20.3.1.91.13.12.361.0015.2.022.02.261000;SECRETARIA DE EDUCAÇÃO;EDUCAÇÃO;ENSINO FUNDAMENTAL;OBRIGAÇÕES PATRONAIS - INTRA-ORÇAMENTÁRIO;TRANSFERENCIAS E CONVENIOS ESTADUAIS - VINCULADOS;1.092.166,66;1.092.166,66;1.092.166,66
2013;04;40.20.3.1.91.13.12.361.0015.2.114.02.262000;SECRETARIA DE EDUCAÇÃO;EDUCAÇÃO;ENSINO FUNDAMENTAL;OBRIGAÇÕES PATRONAIS - INTRA-ORÇAMENTÁRIO;TRANSFERENCIAS E CONVENIOS ESTADUAIS - VINCULADOS;273.041,66;273.041,66;273.041,66
2013;04;40.20.3.1.91.13.12.365.0011.2.073.02.261000;SECRETARIA DE EDUCAÇÃO;EDUCAÇÃO;EDUCAÇÃO INFANTIL;OBRIGAÇÕES PATRONAIS - INTRA-ORÇAMENTÁRIO;TRANSFERENCIAS E CONVENIOS ESTADUAIS - VINCULADOS;470.282,22;470.282,22;470.282,22
2013;04;40.20.3.1.91.13.12.365.0011.2.115.02.262000;SECRETARIA DE EDUCAÇÃO;EDUCAÇÃO;EDUCAÇÃO INFANTIL;OBRIGAÇÕES PATRONAIS - INTRA-ORÇAMENTÁRIO;TRANSFERENCIAS E CONVENIOS ESTADUAIS - VINCULADOS;117.570,56;117.570,56;117.570,56
2013;04;40.20.3.1.91.13.12.365.0012.2.074.02.261000;SECRETARIA DE EDUCAÇÃO;EDUCAÇÃO;EDUCAÇÃO INFANTIL;OBRIGAÇÕES PATRONAIS - INTRA-ORÇAMENTÁRIO;TRANSFERENCIAS E CONVENIOS ESTADUAIS - VINCULADOS;138.984,88;138.984,88;138.984,88
2013;04;40.20.3.1.91.13.12.365.0012.2.116.02.262000;SECRETARIA DE EDUCAÇÃO;EDUCAÇÃO;EDUCAÇÃO INFANTIL;OBRIGAÇÕES PATRONAIS - INTRA-ORÇAMENTÁRIO;TRANSFERENCIAS E CONVENIOS ESTADUAIS - VINCULADOS;34.746,22;34.746,22;34.746,22
2013;04;40.20.3.1.91.13.12.366.0014.2.075.02.261000;SECRETARIA DE EDUCAÇÃO;EDUCAÇÃO;EDUCAÇÃO DE JOVENS E ADULTOS;OBRIGAÇÕES PATRONAIS - INTRA-ORÇAMENTÁRIO;TRANSFERENCIAS E CONVENIOS ESTADUAIS - VINCULADOS;7.606,19;7.606,19;7.606,19
2013;04;40.20.3.1.91.13.12.366.0014.2.117.02.262000;SECRETARIA DE EDUCAÇÃO;EDUCAÇÃO;EDUCAÇÃO DE JOVENS E ADULTOS;OBRIGAÇÕES PATRONAIS - INTRA-ORÇAMENTÁRIO;TRANSFERENCIAS E CONVENIOS ESTADUAIS - VINCULADOS;1.901,55;1.901,55;1.901,55
2013;04;40.20.3.3.90.36.12.361.0015.2.022.02.262000;SECRETARIA DE EDUCAÇÃO;EDUCAÇÃO;ENSINO FUNDAMENTAL;OUTROS SERVIÇOS DE TERCEIROS - PESSOA FÍSICA;TRANSFERENCIAS E CONVENIOS ESTADUAIS - VINCULADOS;68,38;68,38;91,92
2013;04;40.20.3.3.90.39.12.361.0014.2.015.02.262000;SECRETARIA DE EDUCAÇÃO;EDUCAÇÃO;ENSINO FUNDAMENTAL;OUTROS SERVIÇOS DE TERCEIROS -  PESSOA JURÍDICA;TRANSFERENCIAS E CONVENIOS ESTADUAIS - VINCULADOS;0,00;290,30;290,30
2013;04;40.20.3.3.90.39.12.361.0015.2.015.02.262000;SECRETARIA DE EDUCAÇÃO;EDUCAÇÃO;ENSINO FUNDAMENTAL;OUTROS SERVIÇOS DE TERCEIROS -  PESSOA JURÍDICA;TRANSFERENCIAS E CONVENIOS ESTADUAIS - VINCULADOS;50.450,52;135.980,89;205.659,95
2013;04;40.20.3.3.90.39.12.365.0011.2.015.02.262000;SECRETARIA DE EDUCAÇÃO;EDUCAÇÃO;EDUCAÇÃO INFANTIL;OUTROS SERVIÇOS DE TERCEIROS -  PESSOA JURÍDICA;TRANSFERENCIAS E CONVENIOS ESTADUAIS - VINCULADOS;14.467,02;50.001,95;67.862,68
2013;04;40.20.3.3.90.39.12.365.0012.2.015.02.262000;SECRETARIA DE EDUCAÇÃO;EDUCAÇÃO;EDUCAÇÃO INFANTIL;OUTROS SERVIÇOS DE TERCEIROS -  PESSOA JURÍDICA;TRANSFERENCIAS E CONVENIOS ESTADUAIS - VINCULADOS;6.701,28;20.810,73;29.243,77
2013;04;40.20.3.3.90.46.12.361.0015.2.015.02.262000;SECRETARIA DE EDUCAÇÃO;EDUCAÇÃO;ENSINO FUNDAMENTAL;AUXÍLIO ALIMENTAÇÃO;TRANSFERENCIAS E CONVENIOS ESTADUAIS - VINCULADOS;631.845,00;631.845,00;631.845,00
2013;04;40.20.3.3.90.46.12.365.0011.2.015.02.262000;SECRETARIA DE EDUCAÇÃO;EDUCAÇÃO;EDUCAÇÃO INFANTIL;AUXÍLIO ALIMENTAÇÃO;TRANSFERENCIAS E CONVENIOS ESTADUAIS - VINCULADOS;283.155,00;283.155,00;283.155,00
2013;04;40.20.3.3.90.46.12.365.0012.2.015.02.262000;SECRETARIA DE EDUCAÇÃO;EDUCAÇÃO;EDUCAÇÃO INFANTIL;AUXÍLIO ALIMENTAÇÃO;TRANSFERENCIAS E CONVENIOS ESTADUAIS - VINCULADOS;103.545,00;103.545,00;103.545,00
2013;04;40.20.3.3.90.47.12.361.0015.2.022.02.262000;SECRETARIA DE EDUCAÇÃO;EDUCAÇÃO;ENSINO FUNDAMENTAL;OBRIGAÇÕES TRIBUTÁRIAS E CONTRIBUTIVAS;TRANSFERENCIAS E CONVENIOS ESTADUAIS - VINCULADOS;368.917,06;368.917,06;368.917,06
2013;04;40.20.3.3.90.47.12.361.0015.2.114.02.262000;SECRETARIA DE EDUCAÇÃO;EDUCAÇÃO;ENSINO FUNDAMENTAL;OBRIGAÇÕES TRIBUTÁRIAS E CONTRIBUTIVAS;TRANSFERENCIAS E CONVENIOS ESTADUAIS - VINCULADOS;92.229,26;92.229,26;92.229,26
2013;04;40.20.3.3.90.47.12.365.0011.2.073.02.262000;SECRETARIA DE EDUCAÇÃO;EDUCAÇÃO;EDUCAÇÃO INFANTIL;OBRIGAÇÕES TRIBUTÁRIAS E CONTRIBUTIVAS;TRANSFERENCIAS E CONVENIOS ESTADUAIS - VINCULADOS;155.725,17;155.725,17;155.725,17
2013;04;40.20.3.3.90.47.12.365.0011.2.115.02.262000;SECRETARIA DE EDUCAÇÃO;EDUCAÇÃO;EDUCAÇÃO INFANTIL;OBRIGAÇÕES TRIBUTÁRIAS E CONTRIBUTIVAS;TRANSFERENCIAS E CONVENIOS ESTADUAIS - VINCULADOS;38.931,31;38.931,31;38.931,31
2013;04;40.20.3.3.90.47.12.365.0012.2.074.02.262000;SECRETARIA DE EDUCAÇÃO;EDUCAÇÃO;EDUCAÇÃO INFANTIL;OBRIGAÇÕES TRIBUTÁRIAS E CONTRIBUTIVAS;TRANSFERENCIAS E CONVENIOS ESTADUAIS - VINCULADOS;44.944,12;44.944,12;44.944,12
2013;04;40.20.3.3.90.47.12.365.0012.2.116.02.262000;SECRETARIA DE EDUCAÇÃO;EDUCAÇÃO;EDUCAÇÃO INFANTIL;OBRIGAÇÕES TRIBUTÁRIAS E CONTRIBUTIVAS;TRANSFERENCIAS E CONVENIOS ESTADUAIS - VINCULADOS;11.236,04;11.236,04;11.236,04
2013;04;40.20.3.3.90.47.12.366.0014.2.075.02.262000;SECRETARIA DE EDUCAÇÃO;EDUCAÇÃO;EDUCAÇÃO DE JOVENS E ADULTOS;OBRIGAÇÕES TRIBUTÁRIAS E CONTRIBUTIVAS;TRANSFERENCIAS E CONVENIOS ESTADUAIS - VINCULADOS;2.618,48;2.618,48;2.618,48
2013;04;45.10.3.1.90.11.27.812.0018.2.010.01.110000;SECRETARIA DE ESPORTES;DESPORTO E LAZER;DESPORTO COMUNITÁRIO;VENCIMENTOS E VANTAGENS FIXAS -  PESSOAL CIVIL;TESOURO;559.846,05;559.846,05;978.336,04
2013;04;45.10.3.1.90.16.27.812.0018.2.010.01.110000;SECRETARIA DE ESPORTES;DESPORTO E LAZER;DESPORTO COMUNITÁRIO;OUTRAS DESPESAS VARIÁVEIS - PESSOAL CIVIL;TESOURO;81.057,72;81.057,72;162.115,23
2013;04;45.10.3.3.50.43.27.812.0018.2.013.01.110000;SECRETARIA DE ESPORTES;DESPORTO E LAZER;DESPORTO COMUNITÁRIO;SUBVENÇÕES SOCIAIS;TESOURO;683.781,20;683.781,20;0,00
2013;04;45.10.3.3.90.14.27.812.0018.2.095.01.110000;SECRETARIA DE ESPORTES;DESPORTO E LAZER;DESPORTO COMUNITÁRIO;DIÁRIAS - PESSOAL CIVIL;TESOURO;140,00;140,00;0,00
2013;04;45.10.3.3.90.30.27.812.0018.2.010.01.110000;SECRETARIA DE ESPORTES;DESPORTO E LAZER;DESPORTO COMUNITÁRIO;MATERIAL DE CONSUMO;TESOURO;95.411,06;66.840,52;47.751,52
2013;04;45.10.3.3.90.30.27.812.0018.2.095.01.110000;SECRETARIA DE ESPORTES;DESPORTO E LAZER;DESPORTO COMUNITÁRIO;MATERIAL DE CONSUMO;TESOURO;12.983,04;12.983,04;8.983,04
2013;04;45.10.3.3.90.32.27.812.0018.2.010.01.110000;SECRETARIA DE ESPORTES;DESPORTO E LAZER;DESPORTO COMUNITÁRIO;MATERIAL, BEM OU SERVIÇO PARA DISTRIBUIÇÃO GRATUITA;TESOURO;0,00;5.740,00;0,00
2013;04;45.10.3.3.90.33.27.812.0018.2.013.01.110000;SECRETARIA DE ESPORTES;DESPORTO E LAZER;DESPORTO COMUNITÁRIO;PASSAGENS E DESPESAS COM LOCOMOÇÃO;TESOURO;0,00;4.624,32;4.624,32
2013;04;45.10.3.3.90.36.27.812.0018.2.010.01.110000;SECRETARIA DE ESPORTES;DESPORTO E LAZER;DESPORTO COMUNITÁRIO;OUTROS SERVIÇOS DE TERCEIROS - PESSOA FÍSICA;TESOURO;898.366,74;898.132,74;381.590,71
2013;04;45.10.3.3.90.36.27.812.0018.2.095.01.110000;SECRETARIA DE ESPORTES;DESPORTO E LAZER;DESPORTO COMUNITÁRIO;OUTROS SERVIÇOS DE TERCEIROS - PESSOA FÍSICA;TESOURO;7.974,48;7.974,48;-25,52
2013;04;45.10.3.3.90.39.27.812.0018.2.010.01.110000;SECRETARIA DE ESPORTES;DESPORTO E LAZER;DESPORTO COMUNITÁRIO;OUTROS SERVIÇOS DE TERCEIROS -  PESSOA JURÍDICA;TESOURO;304.387,29;522.241,70;397.430,88
2013;04;45.10.3.3.90.39.27.812.0018.2.013.01.110000;SECRETARIA DE ESPORTES;DESPORTO E LAZER;DESPORTO COMUNITÁRIO;OUTROS SERVIÇOS DE TERCEIROS -  PESSOA JURÍDICA;TESOURO;756.503,72;172.719,68;186.678,68
2013;04;45.10.3.3.90.39.27.812.0018.2.013.03.100014;SECRETARIA DE ESPORTES;DESPORTO E LAZER;DESPORTO COMUNITÁRIO;OUTROS SERVIÇOS DE TERCEIROS -  PESSOA JURÍDICA;RECURSOS PROPRIOS DE FUNDOS ESPECIAIS DE DESPESA - VINCULADOS;375.000,00;375.000,00;0,00
2013;04;45.10.3.3.90.39.27.812.0018.2.050.01.110000;SECRETARIA DE ESPORTES;DESPORTO E LAZER;DESPORTO COMUNITÁRIO;OUTROS SERVIÇOS DE TERCEIROS -  PESSOA JURÍDICA;TESOURO;319.734,54;355.260,60;77.559,94
2013;04;45.10.3.3.90.39.27.812.0018.2.095.01.110000;SECRETARIA DE ESPORTES;DESPORTO E LAZER;DESPORTO COMUNITÁRIO;OUTROS SERVIÇOS DE TERCEIROS -  PESSOA JURÍDICA;TESOURO;124.169,59;124.169,59;100.169,59
2013;04;45.10.3.3.90.48.27.812.0018.2.013.01.110000;SECRETARIA DE ESPORTES;DESPORTO E LAZER;DESPORTO COMUNITÁRIO;OUTROS AUXÍLIOS FINANCEIROS A PESSOA FÍSICA;TESOURO;1.339.274,80;1.339.274,80;1.339.674,80
2013;04;45.10.3.3.90.48.27.812.0018.2.013.03.100014;SECRETARIA DE ESPORTES;DESPORTO E LAZER;DESPORTO COMUNITÁRIO;OUTROS AUXÍLIOS FINANCEIROS A PESSOA FÍSICA;RECURSOS PROPRIOS DE FUNDOS ESPECIAIS DE DESPESA - VINCULADOS;1.865.555,21;1.865.555,21;0,00
2013;04;45.10.4.4.90.51.27.813.0018.1.015.01.110000;SECRETARIA DE ESPORTES;DESPORTO E LAZER;LAZER;OBRAS E INSTALAÇÕES;TESOURO;443.623,34;436.587,03;184.056,00
2013;04;45.10.4.4.90.52.27.812.0018.2.010.01.110000;SECRETARIA DE ESPORTES;DESPORTO E LAZER;DESPORTO COMUNITÁRIO;EQUIPAMENTOS E MATERIAL PERMANENTE;TESOURO;3.352,40;1.206,00;5.120,00
2013;04;45.10.4.4.90.52.27.812.0018.2.013.01.110000;SECRETARIA DE ESPORTES;DESPORTO E LAZER;DESPORTO COMUNITÁRIO;EQUIPAMENTOS E MATERIAL PERMANENTE;TESOURO;0,00;43,00;615,00
2013;04;50.10.3.1.90.11.08.244.0003.2.019.01.510000;SECRETARIA DE DESENVOLVIMENTO SOCIAL;ASSISTÊNCIA SOCIAL;ASSISTÊNCIA COMUNITÁRIA;VENCIMENTOS E VANTAGENS FIXAS -  PESSOAL CIVIL;TESOURO;679.807,25;679.807,25;1.210.695,33
2013;04;50.10.3.1.90.16.08.244.0003.2.019.01.510000;SECRETARIA DE DESENVOLVIMENTO SOCIAL;ASSISTÊNCIA SOCIAL;ASSISTÊNCIA COMUNITÁRIA;OUTRAS DESPESAS VARIÁVEIS - PESSOAL CIVIL;TESOURO;112.282,93;112.282,93;221.537,31
2013;04;50.10.3.3.50.43.08.244.0003.1.061.01.510000;SECRETARIA DE DESENVOLVIMENTO SOCIAL;ASSISTÊNCIA SOCIAL;ASSISTÊNCIA COMUNITÁRIA;SUBVENÇÕES SOCIAIS;TESOURO;223.274,80;223.274,80;427.427,37
2013;04;50.10.3.3.90.30.08.244.0003.2.019.01.510000;SECRETARIA DE DESENVOLVIMENTO SOCIAL;ASSISTÊNCIA SOCIAL;ASSISTÊNCIA COMUNITÁRIA;MATERIAL DE CONSUMO;TESOURO;5.744,50;65.459,10;369,00
2013;04;50.10.3.3.90.30.08.244.0003.2.069.01.510000;SECRETARIA DE DESENVOLVIMENTO SOCIAL;ASSISTÊNCIA SOCIAL;ASSISTÊNCIA COMUNITÁRIA;MATERIAL DE CONSUMO;TESOURO;1.111,05;6.088,48;4.305,08
2013;04;50.10.3.3.90.30.08.244.0003.2.095.01.510000;SECRETARIA DE DESENVOLVIMENTO SOCIAL;ASSISTÊNCIA SOCIAL;ASSISTÊNCIA COMUNITÁRIA;MATERIAL DE CONSUMO;TESOURO;3.000,00;3.000,00;4.500,00
2013;04;50.10.3.3.90.32.08.244.0003.2.019.01.510000;SECRETARIA DE DESENVOLVIMENTO SOCIAL;ASSISTÊNCIA SOCIAL;ASSISTÊNCIA COMUNITÁRIA;MATERIAL, BEM OU SERVIÇO PARA DISTRIBUIÇÃO GRATUITA;TESOURO;3.155,52;4.641,96;2.338,96
2013;04;50.10.3.3.90.32.08.244.0003.2.069.01.510000;SECRETARIA DE DESENVOLVIMENTO SOCIAL;ASSISTÊNCIA SOCIAL;ASSISTÊNCIA COMUNITÁRIA;MATERIAL, BEM OU SERVIÇO PARA DISTRIBUIÇÃO GRATUITA;TESOURO;736.567,16;467.792,29;516.067,11
2013;04;50.10.3.3.90.32.08.244.0003.2.095.01.510000;SECRETARIA DE DESENVOLVIMENTO SOCIAL;ASSISTÊNCIA SOCIAL;ASSISTÊNCIA COMUNITÁRIA;MATERIAL, BEM OU SERVIÇO PARA DISTRIBUIÇÃO GRATUITA;TESOURO;7.000,00;7.000,00;7.000,00
2013;04;50.10.3.3.90.36.08.243.0003.2.113.01.510000;SECRETARIA DE DESENVOLVIMENTO SOCIAL;ASSISTÊNCIA SOCIAL;ASSISTÊNCIA A CRIANÇA E AO ADOLESCENTE;OUTROS SERVIÇOS DE TERCEIROS - PESSOA FÍSICA;TESOURO;47.557,80;47.557,80;47.557,80
2013;04;50.10.3.3.90.36.08.244.0003.2.019.01.510000;SECRETARIA DE DESENVOLVIMENTO SOCIAL;ASSISTÊNCIA SOCIAL;ASSISTÊNCIA COMUNITÁRIA;OUTROS SERVIÇOS DE TERCEIROS - PESSOA FÍSICA;TESOURO;934,18;934,18;52.067,85
2013;04;50.10.3.3.90.39.08.244.0003.1.061.01.510000;SECRETARIA DE DESENVOLVIMENTO SOCIAL;ASSISTÊNCIA SOCIAL;ASSISTÊNCIA COMUNITÁRIA;OUTROS SERVIÇOS DE TERCEIROS -  PESSOA JURÍDICA;TESOURO;750,00;50.579,58;51.859,58
2013;04;50.10.3.3.90.39.08.244.0003.2.018.01.510000;SECRETARIA DE DESENVOLVIMENTO SOCIAL;ASSISTÊNCIA SOCIAL;ASSISTÊNCIA COMUNITÁRIA;OUTROS SERVIÇOS DE TERCEIROS -  PESSOA JURÍDICA;TESOURO;4.838,27;3.861,93;4.945,20
2013;04;50.10.3.3.90.39.08.244.0003.2.019.01.510000;SECRETARIA DE DESENVOLVIMENTO SOCIAL;ASSISTÊNCIA SOCIAL;ASSISTÊNCIA COMUNITÁRIA;OUTROS SERVIÇOS DE TERCEIROS -  PESSOA JURÍDICA;TESOURO;61.801,46;42.106,13;33.481,24
2013;04;50.10.3.3.90.39.08.244.0003.2.050.01.510000;SECRETARIA DE DESENVOLVIMENTO SOCIAL;ASSISTÊNCIA SOCIAL;ASSISTÊNCIA COMUNITÁRIA;OUTROS SERVIÇOS DE TERCEIROS -  PESSOA JURÍDICA;TESOURO;35.769,96;35.769,96;81.554,19
2013;04;50.10.3.3.90.39.08.244.0003.2.069.01.510000;SECRETARIA DE DESENVOLVIMENTO SOCIAL;ASSISTÊNCIA SOCIAL;ASSISTÊNCIA COMUNITÁRIA;OUTROS SERVIÇOS DE TERCEIROS -  PESSOA JURÍDICA;TESOURO;454.125,10;1.046.642,30;509.736,17
2013;04;50.10.3.3.90.39.08.244.0003.2.095.01.510000;SECRETARIA DE DESENVOLVIMENTO SOCIAL;ASSISTÊNCIA SOCIAL;ASSISTÊNCIA COMUNITÁRIA;OUTROS SERVIÇOS DE TERCEIROS -  PESSOA JURÍDICA;TESOURO;2.500,00;2.500,00;3.500,00
2013;04;50.10.3.3.90.48.08.244.0003.2.018.01.510000;SECRETARIA DE DESENVOLVIMENTO SOCIAL;ASSISTÊNCIA SOCIAL;ASSISTÊNCIA COMUNITÁRIA;OUTROS AUXÍLIOS FINANCEIROS A PESSOA FÍSICA;TESOURO;191.732,21;191.732,21;191.652,21
2013;04;50.10.3.3.90.48.08.244.0003.2.069.01.510000;SECRETARIA DE DESENVOLVIMENTO SOCIAL;ASSISTÊNCIA SOCIAL;ASSISTÊNCIA COMUNITÁRIA;OUTROS AUXÍLIOS FINANCEIROS A PESSOA FÍSICA;TESOURO;762.442,94;762.442,94;1.505.969,08
2013;04;50.10.3.3.90.48.08.244.0003.2.110.01.510000;SECRETARIA DE DESENVOLVIMENTO SOCIAL;ASSISTÊNCIA SOCIAL;ASSISTÊNCIA COMUNITÁRIA;OUTROS AUXÍLIOS FINANCEIROS A PESSOA FÍSICA;TESOURO;192.900,00;192.900,00;189.400,00
2013;04;50.10.3.3.90.48.08.244.0003.2.110.02.500061;SECRETARIA DE DESENVOLVIMENTO SOCIAL;ASSISTÊNCIA SOCIAL;ASSISTÊNCIA COMUNITÁRIA;OUTROS AUXÍLIOS FINANCEIROS A PESSOA FÍSICA;TRANSFERENCIAS E CONVENIOS ESTADUAIS - VINCULADOS;748.797,13;748.797,13;748.797,13
2013;04;50.10.4.4.90.52.08.244.0003.1.061.01.510000;SECRETARIA DE DESENVOLVIMENTO SOCIAL;ASSISTÊNCIA SOCIAL;ASSISTÊNCIA COMUNITÁRIA;EQUIPAMENTOS E MATERIAL PERMANENTE;TESOURO;0,00;2.910,24;0,00
2013;04;50.10.4.4.90.52.08.244.0003.2.019.01.510000;SECRETARIA DE DESENVOLVIMENTO SOCIAL;ASSISTÊNCIA SOCIAL;ASSISTÊNCIA COMUNITÁRIA;EQUIPAMENTOS E MATERIAL PERMANENTE;TESOURO;-1.300,00;602,60;602,60
2013;04;50.20.3.3.50.43.08.244.0003.2.017.01.510000;SECRETARIA DE DESENVOLVIMENTO SOCIAL;ASSISTÊNCIA SOCIAL;ASSISTÊNCIA COMUNITÁRIA;SUBVENÇÕES SOCIAIS;TESOURO;1.421.550,89;1.421.550,89;1.362.397,64
2013;04;50.20.3.3.50.43.08.244.0003.2.017.05.500042;SECRETARIA DE DESENVOLVIMENTO SOCIAL;ASSISTÊNCIA SOCIAL;ASSISTÊNCIA COMUNITÁRIA;SUBVENÇÕES SOCIAIS;TRANSFERENCIAS E CONVENIOS FEDERAIS - VINCULADOS;0,00;0,00;38.176,50
2013;04;50.20.3.3.90.30.08.244.0003.2.095.05.500042;SECRETARIA DE DESENVOLVIMENTO SOCIAL;ASSISTÊNCIA SOCIAL;ASSISTÊNCIA COMUNITÁRIA;MATERIAL DE CONSUMO;TRANSFERENCIAS E CONVENIOS FEDERAIS - VINCULADOS;-13,50;-13,50;3.986,50
2013;04;50.20.3.3.90.36.08.244.0003.2.017.05.500042;SECRETARIA DE DESENVOLVIMENTO SOCIAL;ASSISTÊNCIA SOCIAL;ASSISTÊNCIA COMUNITÁRIA;OUTROS SERVIÇOS DE TERCEIROS - PESSOA FÍSICA;TRANSFERENCIAS E CONVENIOS FEDERAIS - VINCULADOS;31.000,00;29.920,00;0,00
2013;04;50.20.3.3.90.39.08.244.0003.2.017.05.500042;SECRETARIA DE DESENVOLVIMENTO SOCIAL;ASSISTÊNCIA SOCIAL;ASSISTÊNCIA COMUNITÁRIA;OUTROS SERVIÇOS DE TERCEIROS -  PESSOA JURÍDICA;TRANSFERENCIAS E CONVENIOS FEDERAIS - VINCULADOS;10.104,00;37.589,28;45.548,42
2013;04;50.20.3.3.90.39.08.244.0003.2.050.05.500042;SECRETARIA DE DESENVOLVIMENTO SOCIAL;ASSISTÊNCIA SOCIAL;ASSISTÊNCIA COMUNITÁRIA;OUTROS SERVIÇOS DE TERCEIROS -  PESSOA JURÍDICA;TRANSFERENCIAS E CONVENIOS FEDERAIS - VINCULADOS;0,00;0,00;10.300,00
2013;04;50.20.3.3.90.39.08.244.0003.2.095.05.500042;SECRETARIA DE DESENVOLVIMENTO SOCIAL;ASSISTÊNCIA SOCIAL;ASSISTÊNCIA COMUNITÁRIA;OUTROS SERVIÇOS DE TERCEIROS -  PESSOA JURÍDICA;TRANSFERENCIAS E CONVENIOS FEDERAIS - VINCULADOS;7.665,00;7.665,00;7.665,00
2013;04;55.10.3.1.90.11.04.452.0020.2.004.01.110000;SECRETARIA DE SERVIÇOS MUNICIPAIS;ADMINISTRAÇÃO;SERVIÇOS URBANOS;VENCIMENTOS E VANTAGENS FIXAS -  PESSOAL CIVIL;TESOURO;1.387.546,48;1.387.546,48;2.437.381,41
2013;04;55.10.3.1.90.16.04.452.0020.2.004.01.110000;SECRETARIA DE SERVIÇOS MUNICIPAIS;ADMINISTRAÇÃO;SERVIÇOS URBANOS;OUTRAS DESPESAS VARIÁVEIS - PESSOAL CIVIL;TESOURO;588.811,19;588.811,19;1.178.655,75
2013;04;55.10.3.3.90.14.04.452.0020.2.095.01.110000;SECRETARIA DE SERVIÇOS MUNICIPAIS;ADMINISTRAÇÃO;SERVIÇOS URBANOS;DIÁRIAS - PESSOAL CIVIL;TESOURO;200,00;200,00;200,00
2013;04;55.10.3.3.90.30.04.122.0002.2.023.01.110000;SECRETARIA DE SERVIÇOS MUNICIPAIS;ADMINISTRAÇÃO;ADMINISTRAÇÃO GERAL;MATERIAL DE CONSUMO;TESOURO;-120.000,00;379.369,14;234.220,14
2013;04;55.10.3.3.90.30.04.452.0020.2.004.01.110000;SECRETARIA DE SERVIÇOS MUNICIPAIS;ADMINISTRAÇÃO;SERVIÇOS URBANOS;MATERIAL DE CONSUMO;TESOURO;1.045.656,25;675.249,49;696.848,29
2013;04;55.10.3.3.90.30.04.452.0020.2.070.01.110000;SECRETARIA DE SERVIÇOS MUNICIPAIS;ADMINISTRAÇÃO;SERVIÇOS URBANOS;MATERIAL DE CONSUMO;TESOURO;82.805,95;31.228,79;22.119,13
2013;04;55.10.3.3.90.30.04.452.0020.2.095.01.110000;SECRETARIA DE SERVIÇOS MUNICIPAIS;ADMINISTRAÇÃO;SERVIÇOS URBANOS;MATERIAL DE CONSUMO;TESOURO;20.000,00;20.000,00;12.000,00
2013;04;55.10.3.3.90.30.18.541.0019.2.100.01.110000;SECRETARIA DE SERVIÇOS MUNICIPAIS;GESTÃO AMBIENTAL;PRESERVAÇÃO E CONSERVAÇÃO AMBIENTAL;MATERIAL DE CONSUMO;TESOURO;216.000,00;19.234,00;19.234,00
2013;04;55.10.3.3.90.36.04.452.0020.2.004.01.110000;SECRETARIA DE SERVIÇOS MUNICIPAIS;ADMINISTRAÇÃO;SERVIÇOS URBANOS;OUTROS SERVIÇOS DE TERCEIROS - PESSOA FÍSICA;TESOURO;-4.300,00;-12.000,00;10.672,34
2013;04;55.10.3.3.90.39.04.452.0020.2.004.01.110000;SECRETARIA DE SERVIÇOS MUNICIPAIS;ADMINISTRAÇÃO;SERVIÇOS URBANOS;OUTROS SERVIÇOS DE TERCEIROS -  PESSOA JURÍDICA;TESOURO;168.697,20;138.045,94;138.657,65
2013;04;55.10.3.3.90.39.04.452.0020.2.050.01.110000;SECRETARIA DE SERVIÇOS MUNICIPAIS;ADMINISTRAÇÃO;SERVIÇOS URBANOS;OUTROS SERVIÇOS DE TERCEIROS -  PESSOA JURÍDICA;TESOURO;0,00;0,00;10.000,00
2013;04;55.10.3.3.90.39.04.452.0020.2.070.01.110000;SECRETARIA DE SERVIÇOS MUNICIPAIS;ADMINISTRAÇÃO;SERVIÇOS URBANOS;OUTROS SERVIÇOS DE TERCEIROS -  PESSOA JURÍDICA;TESOURO;26.937,00;18.261,00;11.404,80
2013;04;55.10.3.3.90.39.04.452.0020.2.095.01.110000;SECRETARIA DE SERVIÇOS MUNICIPAIS;ADMINISTRAÇÃO;SERVIÇOS URBANOS;OUTROS SERVIÇOS DE TERCEIROS -  PESSOA JURÍDICA;TESOURO;3.233,75;3.233,75;3.233,75
2013;04;55.10.3.3.90.39.15.452.0020.2.009.01.110000;SECRETARIA DE SERVIÇOS MUNICIPAIS;URBANISMO;SERVIÇOS URBANOS;OUTROS SERVIÇOS DE TERCEIROS -  PESSOA JURÍDICA;TESOURO;895.195,00;1.446.862,48;1.415.653,55
2013;04;55.10.3.3.90.39.17.512.0020.2.056.01.110000;SECRETARIA DE SERVIÇOS MUNICIPAIS;SANEAMENTO;SANEAMENTO BÁSICO URBANO;OUTROS SERVIÇOS DE TERCEIROS -  PESSOA JURÍDICA;TESOURO;0,00;6.127.848,72;6.052.778,65
2013;04;55.10.3.3.90.39.18.541.0019.2.100.01.110000;SECRETARIA DE SERVIÇOS MUNICIPAIS;GESTÃO AMBIENTAL;PRESERVAÇÃO E CONSERVAÇÃO AMBIENTAL;OUTROS SERVIÇOS DE TERCEIROS -  PESSOA JURÍDICA;TESOURO;0,00;7.328,00;7.328,00
2013;04;55.10.3.3.90.39.18.541.0020.2.102.01.110000;SECRETARIA DE SERVIÇOS MUNICIPAIS;GESTÃO AMBIENTAL;PRESERVAÇÃO E CONSERVAÇÃO AMBIENTAL;OUTROS SERVIÇOS DE TERCEIROS -  PESSOA JURÍDICA;TESOURO;183.920,00;183.920,00;183.920,00
2013;04;55.10.4.4.90.52.04.452.0020.2.004.01.110000;SECRETARIA DE SERVIÇOS MUNICIPAIS;ADMINISTRAÇÃO;SERVIÇOS URBANOS;EQUIPAMENTOS E MATERIAL PERMANENTE;TESOURO;220,00;6.517,00;6.517,00
2013;04;60.10.3.1.90.04.10.301.0021.2.004.01.310000;SECRETARIA DE SAÚDE - FUNDO MUNICIPAL DE SAÚDE;SAÚDE;ATENÇÃO BÁSICA;CONTRATAÇÃO POR TEMPO DETERMINADO;TESOURO;236.742,14;236.742,14;417.874,78
2013;04;60.10.3.1.90.11.10.301.0021.2.004.01.310000;SECRETARIA DE SAÚDE - FUNDO MUNICIPAL DE SAÚDE;SAÚDE;ATENÇÃO BÁSICA;VENCIMENTOS E VANTAGENS FIXAS -  PESSOAL CIVIL;TESOURO;9.934.450,56;9.934.450,56;17.184.776,53
2013;04;60.10.3.1.90.13.10.301.0021.2.004.01.310000;SECRETARIA DE SAÚDE - FUNDO MUNICIPAL DE SAÚDE;SAÚDE;ATENÇÃO BÁSICA;OBRIGAÇÕES PATRONAIS;TESOURO;99.532,92;99.532,92;102.514,41
2013;04;60.10.3.1.90.16.10.301.0021.2.004.01.310000;SECRETARIA DE SAÚDE - FUNDO MUNICIPAL DE SAÚDE;SAÚDE;ATENÇÃO BÁSICA;OUTRAS DESPESAS VARIÁVEIS - PESSOAL CIVIL;TESOURO;3.135.709,24;3.135.709,24;6.272.890,17
2013;04;60.10.3.1.90.94.10.301.0021.2.004.01.310000;SECRETARIA DE SAÚDE - FUNDO MUNICIPAL DE SAÚDE;SAÚDE;ATENÇÃO BÁSICA;INDENIZAÇÕES E RESTITUIÇÕES TRABALHISTAS;TESOURO;150.212,97;156.315,65;227.145,40
2013;04;60.10.3.1.91.13.10.301.0021.2.004.01.310000;SECRETARIA DE SAÚDE - FUNDO MUNICIPAL DE SAÚDE;SAÚDE;ATENÇÃO BÁSICA;OBRIGAÇÕES PATRONAIS - INTRA-ORÇAMENTÁRIO;TESOURO;2.110.449,18;2.110.449,18;2.110.449,18
2013;04;60.10.3.2.90.21.10.843.0013.0.011.01.310000;SECRETARIA DE SAÚDE - FUNDO MUNICIPAL DE SAÚDE;SAÚDE;SERVIÇO DA DÍVIDA INTERNA;JUROS SOBRE A DÍVIDA POR CONTRATO;TESOURO;0,00;0,00;174.371,54
2013;04;60.10.3.3.50.43.10.301.0021.2.004.01.310000;SECRETARIA DE SAÚDE - FUNDO MUNICIPAL DE SAÚDE;SAÚDE;ATENÇÃO BÁSICA;SUBVENÇÕES SOCIAIS;TESOURO;0,00;0,00;8.333,33
2013;04;60.10.3.3.90.14.10.301.0021.2.095.01.310000;SECRETARIA DE SAÚDE - FUNDO MUNICIPAL DE SAÚDE;SAÚDE;ATENÇÃO BÁSICA;DIÁRIAS - PESSOAL CIVIL;TESOURO;2.391,00;2.391,00;2.391,00
2013;04;60.10.3.3.90.30.10.301.0021.2.004.01.310000;SECRETARIA DE SAÚDE - FUNDO MUNICIPAL DE SAÚDE;SAÚDE;ATENÇÃO BÁSICA;MATERIAL DE CONSUMO;TESOURO;223.744,39;275.156,81;356.276,48
2013;04;60.10.3.3.90.30.10.301.0021.2.023.01.310000;SECRETARIA DE SAÚDE - FUNDO MUNICIPAL DE SAÚDE;SAÚDE;ATENÇÃO BÁSICA;MATERIAL DE CONSUMO;TESOURO;2.854,20;195.528,00;122.205,00
2013;04;60.10.3.3.90.30.10.301.0021.2.095.01.310000;SECRETARIA DE SAÚDE - FUNDO MUNICIPAL DE SAÚDE;SAÚDE;ATENÇÃO BÁSICA;MATERIAL DE CONSUMO;TESOURO;5.324,58;5.324,58;5.324,58
2013;04;60.10.3.3.90.30.10.301.0021.2.096.05.300022;SECRETARIA DE SAÚDE - FUNDO MUNICIPAL DE SAÚDE;SAÚDE;ATENÇÃO BÁSICA;MATERIAL DE CONSUMO;TRANSFERENCIAS E CONVENIOS FEDERAIS - VINCULADOS;1.119.946,10;935.817,99;1.137.999,67
2013;04;60.10.3.3.90.30.10.301.0021.2.099.05.300053;SECRETARIA DE SAÚDE - FUNDO MUNICIPAL DE SAÚDE;SAÚDE;ATENÇÃO BÁSICA;MATERIAL DE CONSUMO;TRANSFERENCIAS E CONVENIOS FEDERAIS - VINCULADOS;617,82;1.451,52;1.208,70
2013;04;60.10.3.3.90.30.10.302.0021.2.032.05.300023;SECRETARIA DE SAÚDE - FUNDO MUNICIPAL DE SAÚDE;SAÚDE;ASSISTÊNCIA HOSPITALAR E AMBULATORIAL;MATERIAL DE CONSUMO;TRANSFERENCIAS E CONVENIOS FEDERAIS - VINCULADOS;478.549,61;587.609,43;384.559,22
2013;04;60.10.3.3.90.30.10.302.0021.2.034.02.300024;SECRETARIA DE SAÚDE - FUNDO MUNICIPAL DE SAÚDE;SAÚDE;ASSISTÊNCIA HOSPITALAR E AMBULATORIAL;MATERIAL DE CONSUMO;TRANSFERENCIAS E CONVENIOS ESTADUAIS - VINCULADOS;105.282,04;127.148,49;69.100,98
2013;04;60.10.3.3.90.30.10.303.0021.2.098.05.300040;SECRETARIA DE SAÚDE - FUNDO MUNICIPAL DE SAÚDE;SAÚDE;SUPORTE PROFILÁTICO E TERAPÊUTICO;MATERIAL DE CONSUMO;TRANSFERENCIAS E CONVENIOS FEDERAIS - VINCULADOS;234.171,33;600.205,27;1.012.116,76
2013;04;60.10.3.3.90.30.10.304.0021.2.090.05.300038;SECRETARIA DE SAÚDE - FUNDO MUNICIPAL DE SAÚDE;SAÚDE;VIGILÂNCIA SANITÁRIA;MATERIAL DE CONSUMO;TRANSFERENCIAS E CONVENIOS FEDERAIS - VINCULADOS;251,04;844,94;7.992,00
2013;04;60.10.3.3.90.30.10.305.0021.2.039.05.300019;SECRETARIA DE SAÚDE - FUNDO MUNICIPAL DE SAÚDE;SAÚDE;VIGILÂNCIA EPIDEMIOLÓGICA;MATERIAL DE CONSUMO;TRANSFERENCIAS E CONVENIOS FEDERAIS - VINCULADOS;3.003,24;0,00;0,00
2013;04;60.10.3.3.90.30.10.305.0021.2.097.05.300038;SECRETARIA DE SAÚDE - FUNDO MUNICIPAL DE SAÚDE;SAÚDE;VIGILÂNCIA EPIDEMIOLÓGICA;MATERIAL DE CONSUMO;TRANSFERENCIAS E CONVENIOS FEDERAIS - VINCULADOS;36.584,25;31.301,74;11.134,74
2013;04;60.10.3.3.90.32.10.301.0021.2.004.01.310000;SECRETARIA DE SAÚDE - FUNDO MUNICIPAL DE SAÚDE;SAÚDE;ATENÇÃO BÁSICA;MATERIAL, BEM OU SERVIÇO PARA DISTRIBUIÇÃO GRATUITA;TESOURO;376.108,47;286.077,15;289.524,35
2013;04;60.10.3.3.90.32.10.301.0021.2.096.05.300022;SECRETARIA DE SAÚDE - FUNDO MUNICIPAL DE SAÚDE;SAÚDE;ATENÇÃO BÁSICA;MATERIAL, BEM OU SERVIÇO PARA DISTRIBUIÇÃO GRATUITA;TRANSFERENCIAS E CONVENIOS FEDERAIS - VINCULADOS;128,64;6.528,04;0,00
2013;04;60.10.3.3.90.32.10.302.0021.2.032.05.300023;SECRETARIA DE SAÚDE - FUNDO MUNICIPAL DE SAÚDE;SAÚDE;ASSISTÊNCIA HOSPITALAR E AMBULATORIAL;MATERIAL, BEM OU SERVIÇO PARA DISTRIBUIÇÃO GRATUITA;TRANSFERENCIAS E CONVENIOS FEDERAIS - VINCULADOS;893.174,13;104.195,29;37.307,70
2013;04;60.10.3.3.90.36.10.301.0021.2.004.01.310000;SECRETARIA DE SAÚDE - FUNDO MUNICIPAL DE SAÚDE;SAÚDE;ATENÇÃO BÁSICA;OUTROS SERVIÇOS DE TERCEIROS - PESSOA FÍSICA;TESOURO;-24.040,78;0,00;118.534,59
2013;04;60.10.3.3.90.36.10.301.0021.2.096.05.300022;SECRETARIA DE SAÚDE - FUNDO MUNICIPAL DE SAÚDE;SAÚDE;ATENÇÃO BÁSICA;OUTROS SERVIÇOS DE TERCEIROS - PESSOA FÍSICA;TRANSFERENCIAS E CONVENIOS FEDERAIS - VINCULADOS;700,00;0,00;7.862,25
2013;04;60.10.3.3.90.36.10.302.0021.2.032.05.300023;SECRETARIA DE SAÚDE - FUNDO MUNICIPAL DE SAÚDE;SAÚDE;ASSISTÊNCIA HOSPITALAR E AMBULATORIAL;OUTROS SERVIÇOS DE TERCEIROS - PESSOA FÍSICA;TRANSFERENCIAS E CONVENIOS FEDERAIS - VINCULADOS;5.000,00;5.000,00;2.000,00
2013;04;60.10.3.3.90.36.10.305.0021.2.097.05.300038;SECRETARIA DE SAÚDE - FUNDO MUNICIPAL DE SAÚDE;SAÚDE;VIGILÂNCIA EPIDEMIOLÓGICA;OUTROS SERVIÇOS DE TERCEIROS - PESSOA FÍSICA;TRANSFERENCIAS E CONVENIOS FEDERAIS - VINCULADOS;0,00;0,00;2.690,00
2013;04;60.10.3.3.90.37.10.301.0021.2.004.01.310000;SECRETARIA DE SAÚDE - FUNDO MUNICIPAL DE SAÚDE;SAÚDE;ATENÇÃO BÁSICA;LOCAÇÃO DE MÃO-DE-OBRA;TESOURO;2.003,80;79.784,57;24.157,41
2013;04;60.10.3.3.90.37.10.301.0021.2.045.01.310000;SECRETARIA DE SAÚDE - FUNDO MUNICIPAL DE SAÚDE;SAÚDE;ATENÇÃO BÁSICA;LOCAÇÃO DE MÃO-DE-OBRA;TESOURO;0,00;391.087,55;391.087,55
2013;04;60.10.3.3.90.37.10.301.0021.2.096.05.300022;SECRETARIA DE SAÚDE - FUNDO MUNICIPAL DE SAÚDE;SAÚDE;ATENÇÃO BÁSICA;LOCAÇÃO DE MÃO-DE-OBRA;TRANSFERENCIAS E CONVENIOS FEDERAIS - VINCULADOS;75.113,64;506.286,93;540.489,93
2013;04;60.10.3.3.90.37.10.301.0021.2.099.05.300053;SECRETARIA DE SAÚDE - FUNDO MUNICIPAL DE SAÚDE;SAÚDE;ATENÇÃO BÁSICA;LOCAÇÃO DE MÃO-DE-OBRA;TRANSFERENCIAS E CONVENIOS FEDERAIS - VINCULADOS;89,26;0,00;86,98
2013;04;60.10.3.3.90.37.10.302.0021.2.032.05.300023;SECRETARIA DE SAÚDE - FUNDO MUNICIPAL DE SAÚDE;SAÚDE;ASSISTÊNCIA HOSPITALAR E AMBULATORIAL;LOCAÇÃO DE MÃO-DE-OBRA;TRANSFERENCIAS E CONVENIOS FEDERAIS - VINCULADOS;111.801,88;9.768,86;11.998,87
2013;04;60.10.3.3.90.37.10.305.0021.2.097.05.300038;SECRETARIA DE SAÚDE - FUNDO MUNICIPAL DE SAÚDE;SAÚDE;VIGILÂNCIA EPIDEMIOLÓGICA;LOCAÇÃO DE MÃO-DE-OBRA;TRANSFERENCIAS E CONVENIOS FEDERAIS - VINCULADOS;301,38;6.083,56;6.083,56
2013;04;60.10.3.3.90.39.10.301.0021.2.004.01.310000;SECRETARIA DE SAÚDE - FUNDO MUNICIPAL DE SAÚDE;SAÚDE;ATENÇÃO BÁSICA;OUTROS SERVIÇOS DE TERCEIROS -  PESSOA JURÍDICA;TESOURO;7.540.579,89;11.783.514,53;11.900.628,47
2013;04;60.10.3.3.90.39.10.301.0021.2.009.01.310000;SECRETARIA DE SAÚDE - FUNDO MUNICIPAL DE SAÚDE;SAÚDE;ATENÇÃO BÁSICA;OUTROS SERVIÇOS DE TERCEIROS -  PESSOA JURÍDICA;TESOURO;0,00;4.765,84;0,00
2013;04;60.10.3.3.90.39.10.301.0021.2.015.01.310000;SECRETARIA DE SAÚDE - FUNDO MUNICIPAL DE SAÚDE;SAÚDE;ATENÇÃO BÁSICA;OUTROS SERVIÇOS DE TERCEIROS -  PESSOA JURÍDICA;TESOURO;95.739,88;228.597,67;358.494,47
2013;04;60.10.3.3.90.39.10.301.0021.2.031.01.310000;SECRETARIA DE SAÚDE - FUNDO MUNICIPAL DE SAÚDE;SAÚDE;ATENÇÃO BÁSICA;OUTROS SERVIÇOS DE TERCEIROS -  PESSOA JURÍDICA;TESOURO;0,00;0,00;250.697,91
2013;04;60.10.3.3.90.39.10.301.0021.2.045.01.310000;SECRETARIA DE SAÚDE - FUNDO MUNICIPAL DE SAÚDE;SAÚDE;ATENÇÃO BÁSICA;OUTROS SERVIÇOS DE TERCEIROS -  PESSOA JURÍDICA;TESOURO;0,00;0,00;583,33
2013;04;60.10.3.3.90.39.10.301.0021.2.050.01.310000;SECRETARIA DE SAÚDE - FUNDO MUNICIPAL DE SAÚDE;SAÚDE;ATENÇÃO BÁSICA;OUTROS SERVIÇOS DE TERCEIROS -  PESSOA JURÍDICA;TESOURO;0,00;0,00;88.222,60
2013;04;60.10.3.3.90.39.10.301.0021.2.095.01.310000;SECRETARIA DE SAÚDE - FUNDO MUNICIPAL DE SAÚDE;SAÚDE;ATENÇÃO BÁSICA;OUTROS SERVIÇOS DE TERCEIROS -  PESSOA JURÍDICA;TESOURO;15.196,03;15.196,03;15.196,03
2013;04;60.10.3.3.90.39.10.301.0021.2.096.05.300022;SECRETARIA DE SAÚDE - FUNDO MUNICIPAL DE SAÚDE;SAÚDE;ATENÇÃO BÁSICA;OUTROS SERVIÇOS DE TERCEIROS -  PESSOA JURÍDICA;TRANSFERENCIAS E CONVENIOS FEDERAIS - VINCULADOS;75.207,39;139.155,69;84.119,12
2013;04;60.10.3.3.90.39.10.301.0021.2.099.05.300053;SECRETARIA DE SAÚDE - FUNDO MUNICIPAL DE SAÚDE;SAÚDE;ATENÇÃO BÁSICA;OUTROS SERVIÇOS DE TERCEIROS -  PESSOA JURÍDICA;TRANSFERENCIAS E CONVENIOS FEDERAIS - VINCULADOS;9.639,63;15.764,55;2.041,01
2013;04;60.10.3.3.90.39.10.302.0021.2.032.05.300023;SECRETARIA DE SAÚDE - FUNDO MUNICIPAL DE SAÚDE;SAÚDE;ASSISTÊNCIA HOSPITALAR E AMBULATORIAL;OUTROS SERVIÇOS DE TERCEIROS -  PESSOA JURÍDICA;TRANSFERENCIAS E CONVENIOS FEDERAIS - VINCULADOS;1.412.894,19;5.339.719,14;4.757.564,31
2013;04;60.10.3.3.90.39.10.304.0021.2.090.05.300038;SECRETARIA DE SAÚDE - FUNDO MUNICIPAL DE SAÚDE;SAÚDE;VIGILÂNCIA SANITÁRIA;OUTROS SERVIÇOS DE TERCEIROS -  PESSOA JURÍDICA;TRANSFERENCIAS E CONVENIOS FEDERAIS - VINCULADOS;3.285,00;1.393,30;2.926,30
2013;04;60.10.3.3.90.39.10.305.0021.2.039.05.300019;SECRETARIA DE SAÚDE - FUNDO MUNICIPAL DE SAÚDE;SAÚDE;VIGILÂNCIA EPIDEMIOLÓGICA;OUTROS SERVIÇOS DE TERCEIROS -  PESSOA JURÍDICA;TRANSFERENCIAS E CONVENIOS FEDERAIS - VINCULADOS;0,00;1.654,53;1.654,53
2013;04;60.10.3.3.90.39.10.305.0021.2.097.05.300038;SECRETARIA DE SAÚDE - FUNDO MUNICIPAL DE SAÚDE;SAÚDE;VIGILÂNCIA EPIDEMIOLÓGICA;OUTROS SERVIÇOS DE TERCEIROS -  PESSOA JURÍDICA;TRANSFERENCIAS E CONVENIOS FEDERAIS - VINCULADOS;24.272,21;58.620,27;68.198,59
2013;04;60.10.3.3.90.46.10.301.0021.2.015.01.310000;SECRETARIA DE SAÚDE - FUNDO MUNICIPAL DE SAÚDE;SAÚDE;ATENÇÃO BÁSICA;AUXÍLIO ALIMENTAÇÃO;TESOURO;868.230,00;868.230,00;867.900,00
2013;04;60.10.3.3.90.47.10.301.0021.2.004.01.310000;SECRETARIA DE SAÚDE - FUNDO MUNICIPAL DE SAÚDE;SAÚDE;ATENÇÃO BÁSICA;OBRIGAÇÕES TRIBUTÁRIAS E CONTRIBUTIVAS;TESOURO;666.979,20;666.979,20;666.979,20
2013;04;60.10.3.3.90.48.10.302.0021.2.032.05.300023;SECRETARIA DE SAÚDE - FUNDO MUNICIPAL DE SAÚDE;SAÚDE;ASSISTÊNCIA HOSPITALAR E AMBULATORIAL;OUTROS AUXÍLIOS FINANCEIROS A PESSOA FÍSICA;TRANSFERENCIAS E CONVENIOS FEDERAIS - VINCULADOS;0,00;15.731,32;7.096,32
2013;04;60.10.3.3.90.92.10.301.0021.2.004.01.310000;SECRETARIA DE SAÚDE - FUNDO MUNICIPAL DE SAÚDE;SAÚDE;ATENÇÃO BÁSICA;DESPESAS DE EXERCÍCIOS ANTERIORES;TESOURO;0,00;0,00;5.559,00
2013;04;60.10.4.4.90.51.10.302.0021.1.007.01.310000;SECRETARIA DE SAÚDE - FUNDO MUNICIPAL DE SAÚDE;SAÚDE;ASSISTÊNCIA HOSPITALAR E AMBULATORIAL;OBRAS E INSTALAÇÕES;TESOURO;1.851.906,47;241.753,52;237.326,39
2013;04;60.10.4.4.90.51.10.302.0021.2.034.02.300024;SECRETARIA DE SAÚDE - FUNDO MUNICIPAL DE SAÚDE;SAÚDE;ASSISTÊNCIA HOSPITALAR E AMBULATORIAL;OBRAS E INSTALAÇÕES;TRANSFERENCIAS E CONVENIOS ESTADUAIS - VINCULADOS;140.899,75;85.894,07;82.691,37
2013;04;60.10.4.4.90.52.10.301.0021.2.004.01.310000;SECRETARIA DE SAÚDE - FUNDO MUNICIPAL DE SAÚDE;SAÚDE;ATENÇÃO BÁSICA;EQUIPAMENTOS E MATERIAL PERMANENTE;TESOURO;1.104,00;1.309,60;757,60
2013;04;60.10.4.4.90.52.10.301.0021.2.096.05.300022;SECRETARIA DE SAÚDE - FUNDO MUNICIPAL DE SAÚDE;SAÚDE;ATENÇÃO BÁSICA;EQUIPAMENTOS E MATERIAL PERMANENTE;TRANSFERENCIAS E CONVENIOS FEDERAIS - VINCULADOS;5.436,70;9.489,90;14.036,30
2013;04;60.10.4.4.90.52.10.301.0021.2.099.05.300053;SECRETARIA DE SAÚDE - FUNDO MUNICIPAL DE SAÚDE;SAÚDE;ATENÇÃO BÁSICA;EQUIPAMENTOS E MATERIAL PERMANENTE;TRANSFERENCIAS E CONVENIOS FEDERAIS - VINCULADOS;936,00;1.288,00;0,00
2013;04;60.10.4.4.90.52.10.302.0021.2.032.05.300023;SECRETARIA DE SAÚDE - FUNDO MUNICIPAL DE SAÚDE;SAÚDE;ASSISTÊNCIA HOSPITALAR E AMBULATORIAL;EQUIPAMENTOS E MATERIAL PERMANENTE;TRANSFERENCIAS E CONVENIOS FEDERAIS - VINCULADOS;2.564,50;159,00;1.635,80
2013;04;60.10.4.4.90.52.10.302.0021.2.034.02.300024;SECRETARIA DE SAÚDE - FUNDO MUNICIPAL DE SAÚDE;SAÚDE;ASSISTÊNCIA HOSPITALAR E AMBULATORIAL;EQUIPAMENTOS E MATERIAL PERMANENTE;TRANSFERENCIAS E CONVENIOS ESTADUAIS - VINCULADOS;0,00;23.400,00;23.400,00
2013;04;60.10.4.4.90.52.10.304.0021.2.090.05.300038;SECRETARIA DE SAÚDE - FUNDO MUNICIPAL DE SAÚDE;SAÚDE;VIGILÂNCIA SANITÁRIA;EQUIPAMENTOS E MATERIAL PERMANENTE;TRANSFERENCIAS E CONVENIOS FEDERAIS - VINCULADOS;4.797,00;4.943,67;4.646,66
2013;04;60.10.4.4.90.52.10.305.0021.2.097.05.300038;SECRETARIA DE SAÚDE - FUNDO MUNICIPAL DE SAÚDE;SAÚDE;VIGILÂNCIA EPIDEMIOLÓGICA;EQUIPAMENTOS E MATERIAL PERMANENTE;TRANSFERENCIAS E CONVENIOS FEDERAIS - VINCULADOS;0,00;2.090,00;0,00
2013;04;60.10.4.6.90.71.10.843.0013.0.011.01.310000;SECRETARIA DE SAÚDE - FUNDO MUNICIPAL DE SAÚDE;SAÚDE;SERVIÇO DA DÍVIDA INTERNA;PRINCIPAL DA DÍVIDA CONTRATUAL RESGATADA;TESOURO;0,00;0,00;32.498,48
2013;04;65.10.3.1.90.11.26.122.0022.2.004.01.400000;SECRETARIA DE TRANSPORTES;TRANSPORTE;ADMINISTRAÇÃO GERAL;VENCIMENTOS E VANTAGENS FIXAS -  PESSOAL CIVIL;TESOURO;699.324,56;699.324,56;1.201.127,86
2013;04;65.10.3.1.90.16.26.122.0022.2.004.01.400000;SECRETARIA DE TRANSPORTES;TRANSPORTE;ADMINISTRAÇÃO GERAL;OUTRAS DESPESAS VARIÁVEIS - PESSOAL CIVIL;TESOURO;190.571,25;190.571,25;381.108,78
2013;04;65.10.3.3.90.14.26.122.0022.2.095.01.400000;SECRETARIA DE TRANSPORTES;TRANSPORTE;ADMINISTRAÇÃO GERAL;DIÁRIAS - PESSOAL CIVIL;TESOURO;563,50;563,50;563,50
2013;04;65.10.3.3.90.30.26.122.0022.2.004.01.400000;SECRETARIA DE TRANSPORTES;TRANSPORTE;ADMINISTRAÇÃO GERAL;MATERIAL DE CONSUMO;TESOURO;133.866,60;203.579,00;95.767,20
2013;04;65.10.3.3.90.33.26.122.0022.2.095.01.400000;SECRETARIA DE TRANSPORTES;TRANSPORTE;ADMINISTRAÇÃO GERAL;PASSAGENS E DESPESAS COM LOCOMOÇÃO;TESOURO;1.527,64;4.339,88;4.701,88
2013;04;65.10.3.3.90.36.26.122.0022.2.004.01.400000;SECRETARIA DE TRANSPORTES;TRANSPORTE;ADMINISTRAÇÃO GERAL;OUTROS SERVIÇOS DE TERCEIROS - PESSOA FÍSICA;TESOURO;0,00;0,00;53.002,74
2013;04;65.10.3.3.90.39.26.122.0002.2.050.01.400000;SECRETARIA DE TRANSPORTES;TRANSPORTE;ADMINISTRAÇÃO GERAL;OUTROS SERVIÇOS DE TERCEIROS -  PESSOA JURÍDICA;TESOURO;0,00;0,00;23.182,13
2013;04;65.10.3.3.90.39.26.122.0022.2.004.01.400000;SECRETARIA DE TRANSPORTES;TRANSPORTE;ADMINISTRAÇÃO GERAL;OUTROS SERVIÇOS DE TERCEIROS -  PESSOA JURÍDICA;TESOURO;1.425.515,80;187.349,36;150.809,84
2013;04;65.10.3.3.90.39.26.122.0022.2.009.01.400000;SECRETARIA DE TRANSPORTES;TRANSPORTE;ADMINISTRAÇÃO GERAL;OUTROS SERVIÇOS DE TERCEIROS -  PESSOA JURÍDICA;TESOURO;38.461,80;29.002,20;12.682,20
2013;04;65.10.3.3.90.39.26.122.0022.2.095.01.400000;SECRETARIA DE TRANSPORTES;TRANSPORTE;ADMINISTRAÇÃO GERAL;OUTROS SERVIÇOS DE TERCEIROS -  PESSOA JURÍDICA;TESOURO;11.144,58;11.144,58;10.144,58
2013;04;65.10.3.3.90.39.26.453.0002.2.045.01.400000;SECRETARIA DE TRANSPORTES;TRANSPORTE;TRANSPORTES COLETIVOS URBANOS;OUTROS SERVIÇOS DE TERCEIROS -  PESSOA JURÍDICA;TESOURO;0,00;0,00;9.685,00
2013;04;65.10.4.4.90.39.26.122.0022.2.004.01.400000;SECRETARIA DE TRANSPORTES;TRANSPORTE;ADMINISTRAÇÃO GERAL;OUTROS SERVIÇOS DE TERCEIROS - PESSOA JURÍDICA;TESOURO;0,00;15.048,00;0,00
2013;04;65.10.4.4.90.51.26.122.0022.2.004.02.130000;SECRETARIA DE TRANSPORTES;TRANSPORTE;ADMINISTRAÇÃO GERAL;OBRAS E INSTALAÇÕES;TRANSFERENCIAS E CONVENIOS ESTADUAIS - VINCULADOS;73.853,65;482.993,33;57.502,67
2013;04;65.10.4.4.90.51.26.451.0022.1.009.01.400000;SECRETARIA DE TRANSPORTES;TRANSPORTE;INFRA-ESTRUTURA URBANA;OBRAS E INSTALAÇÕES;TESOURO;165.721,28;89.995,91;0,00
2013;04;65.20.3.3.70.41.26.452.0023.2.003.03.400000;SECRETARIA DE TRANSPORTES;TRANSPORTE;SERVIÇOS URBANOS;CONTRIBUIÇÕES;RECURSOS PROPRIOS DE FUNDOS ESPECIAIS DE DESPESA - VINCULADOS;19.392,06;19.392,06;19.392,06
2013;04;65.20.3.3.90.30.26.452.0023.2.007.03.400000;SECRETARIA DE TRANSPORTES;TRANSPORTE;SERVIÇOS URBANOS;MATERIAL DE CONSUMO;RECURSOS PROPRIOS DE FUNDOS ESPECIAIS DE DESPESA - VINCULADOS;251.206,00;0,00;0,00
2013;04;65.20.3.3.90.36.26.452.0023.2.003.03.400000;SECRETARIA DE TRANSPORTES;TRANSPORTE;SERVIÇOS URBANOS;OUTROS SERVIÇOS DE TERCEIROS - PESSOA FÍSICA;RECURSOS PROPRIOS DE FUNDOS ESPECIAIS DE DESPESA - VINCULADOS;9.802,80;9.802,80;4.901,40
2013;04;65.20.3.3.90.37.26.452.0023.2.003.03.400000;SECRETARIA DE TRANSPORTES;TRANSPORTE;SERVIÇOS URBANOS;LOCAÇÃO DE MÃO-DE-OBRA;RECURSOS PROPRIOS DE FUNDOS ESPECIAIS DE DESPESA - VINCULADOS;0,00;564.641,08;564.641,08
2013;04;65.20.3.3.90.39.26.452.0023.2.003.03.400000;SECRETARIA DE TRANSPORTES;TRANSPORTE;SERVIÇOS URBANOS;OUTROS SERVIÇOS DE TERCEIROS -  PESSOA JURÍDICA;RECURSOS PROPRIOS DE FUNDOS ESPECIAIS DE DESPESA - VINCULADOS;19.067,80;322.000,85;342.946,37
2013;04;65.20.3.3.90.39.26.452.0023.2.007.03.400000;SECRETARIA DE TRANSPORTES;TRANSPORTE;SERVIÇOS URBANOS;OUTROS SERVIÇOS DE TERCEIROS -  PESSOA JURÍDICA;RECURSOS PROPRIOS DE FUNDOS ESPECIAIS DE DESPESA - VINCULADOS;12.822,00;1.450,00;0,00
2013;04;65.20.3.3.90.93.26.452.0023.2.003.03.400000;SECRETARIA DE TRANSPORTES;TRANSPORTE;SERVIÇOS URBANOS;INDENIZAÇÕES E RESTITUIÇÕES;RECURSOS PROPRIOS DE FUNDOS ESPECIAIS DE DESPESA - VINCULADOS;85,45;85,45;85,45
2013;04;65.20.4.4.90.51.26.452.0023.2.003.03.400000;SECRETARIA DE TRANSPORTES;TRANSPORTE;SERVIÇOS URBANOS;OBRAS E INSTALAÇÕES;RECURSOS PROPRIOS DE FUNDOS ESPECIAIS DE DESPESA - VINCULADOS;4.158.253,39;0,00;0,00
2013;04;65.20.4.4.90.52.26.452.0023.2.003.03.400000;SECRETARIA DE TRANSPORTES;TRANSPORTE;SERVIÇOS URBANOS;EQUIPAMENTOS E MATERIAL PERMANENTE;RECURSOS PROPRIOS DE FUNDOS ESPECIAIS DE DESPESA - VINCULADOS;0,00;0,00;1.580,00
2013;04;65.20.4.4.90.92.26.452.0023.2.003.03.400000;SECRETARIA DE TRANSPORTES;TRANSPORTE;SERVIÇOS URBANOS;DESPESAS DE EXERCÍCIOS ANTERIORES;RECURSOS PROPRIOS DE FUNDOS ESPECIAIS DE DESPESA - VINCULADOS;-65.374,99;173.622,63;173.622,63
2013;04;70.10.3.1.90.11.04.122.0002.2.040.01.110000;SECRETARIA DE DESENVOLVIMENTO ECONÔMICO E DA CIÊNCIA E TECNOLOGIA;ADMINISTRAÇÃO;ADMINISTRAÇÃO GERAL;VENCIMENTOS E VANTAGENS FIXAS -  PESSOAL CIVIL;TESOURO;181.235,16;181.235,16;317.174,46
2013;04;70.10.3.1.90.16.04.122.0002.2.040.01.110000;SECRETARIA DE DESENVOLVIMENTO ECONÔMICO E DA CIÊNCIA E TECNOLOGIA;ADMINISTRAÇÃO;ADMINISTRAÇÃO GERAL;OUTRAS DESPESAS VARIÁVEIS - PESSOAL CIVIL;TESOURO;3.967,70;3.967,70;5.915,51
2013;04;70.10.3.3.90.18.12.364.0031.2.086.01.110000;SECRETARIA DE DESENVOLVIMENTO ECONÔMICO E DA CIÊNCIA E TECNOLOGIA;EDUCAÇÃO;ENSINO SUPERIOR;AUXÍLIO FINANCEIRO A ESTUDANTE;TESOURO;0,00;9.577,62;0,00
2013;04;70.10.3.3.90.33.04.122.0002.2.040.01.110000;SECRETARIA DE DESENVOLVIMENTO ECONÔMICO E DA CIÊNCIA E TECNOLOGIA;ADMINISTRAÇÃO;ADMINISTRAÇÃO GERAL;PASSAGENS E DESPESAS COM LOCOMOÇÃO;TESOURO;1.100,00;0,00;0,00
2013;04;70.10.3.3.90.36.04.122.0002.2.040.01.110000;SECRETARIA DE DESENVOLVIMENTO ECONÔMICO E DA CIÊNCIA E TECNOLOGIA;ADMINISTRAÇÃO;ADMINISTRAÇÃO GERAL;OUTROS SERVIÇOS DE TERCEIROS - PESSOA FÍSICA;TESOURO;233,06;233,06;10.998,92
2013;04;70.10.3.3.90.39.04.122.0002.2.040.01.110000;SECRETARIA DE DESENVOLVIMENTO ECONÔMICO E DA CIÊNCIA E TECNOLOGIA;ADMINISTRAÇÃO;ADMINISTRAÇÃO GERAL;OUTROS SERVIÇOS DE TERCEIROS -  PESSOA JURÍDICA;TESOURO;4.692,59;825.713,82;837.241,08
2013;04;70.10.3.3.90.39.04.122.0002.2.050.01.110000;SECRETARIA DE DESENVOLVIMENTO ECONÔMICO E DA CIÊNCIA E TECNOLOGIA;ADMINISTRAÇÃO;ADMINISTRAÇÃO GERAL;OUTROS SERVIÇOS DE TERCEIROS -  PESSOA JURÍDICA;TESOURO;0,00;0,00;2.600,00
2013;04;70.10.3.3.90.39.20.605.0024.2.107.01.110000;SECRETARIA DE DESENVOLVIMENTO ECONÔMICO E DA CIÊNCIA E TECNOLOGIA;AGRICULTURA;ABASTECIMENTO;OUTROS SERVIÇOS DE TERCEIROS -  PESSOA JURÍDICA;TESOURO;76.800,00;9.400,00;12.200,00
2013;04;70.10.4.4.90.51.04.122.0002.2.040.01.110000;SECRETARIA DE DESENVOLVIMENTO ECONÔMICO E DA CIÊNCIA E TECNOLOGIA;ADMINISTRAÇÃO;ADMINISTRAÇÃO GERAL;OBRAS E INSTALAÇÕES;TESOURO;0,00;194.278,44;194.278,44
2013;04;70.10.4.4.90.52.04.122.0002.2.040.01.110000;SECRETARIA DE DESENVOLVIMENTO ECONÔMICO E DA CIÊNCIA E TECNOLOGIA;ADMINISTRAÇÃO;ADMINISTRAÇÃO GERAL;EQUIPAMENTOS E MATERIAL PERMANENTE;TESOURO;1.625,00;0,00;0,00
2013;04;75.10.3.1.90.11.06.181.0002.2.065.01.110000;SECRETARIA ESPECIAL DE DEFESA DO CIDADÃO;SEGURANÇA PÚBLICA;POLICIAMENTO;VENCIMENTOS E VANTAGENS FIXAS -  PESSOAL CIVIL;TESOURO;1.325.109,52;1.325.109,52;2.288.696,65
2013;04;75.10.3.1.90.16.06.181.0002.2.065.01.110000;SECRETARIA ESPECIAL DE DEFESA DO CIDADÃO;SEGURANÇA PÚBLICA;POLICIAMENTO;OUTRAS DESPESAS VARIÁVEIS - PESSOAL CIVIL;TESOURO;1.090.528,10;1.090.528,10;2.185.401,19
2013;04;75.10.3.3.90.30.06.181.0002.2.065.01.110000;SECRETARIA ESPECIAL DE DEFESA DO CIDADÃO;SEGURANÇA PÚBLICA;POLICIAMENTO;MATERIAL DE CONSUMO;TESOURO;13.521,50;17.501,14;31.667,13
2013;04;75.10.3.3.90.30.06.181.0002.2.101.01.110000;SECRETARIA ESPECIAL DE DEFESA DO CIDADÃO;SEGURANÇA PÚBLICA;POLICIAMENTO;MATERIAL DE CONSUMO;TESOURO;0,00;243,80;243,80
2013;04;75.10.3.3.90.30.06.181.0026.2.055.01.110000;SECRETARIA ESPECIAL DE DEFESA DO CIDADÃO;SEGURANÇA PÚBLICA;POLICIAMENTO;MATERIAL DE CONSUMO;TESOURO;23.535,40;2.578,00;0,00
2013;04;75.10.3.3.90.30.06.182.0003.2.016.01.110000;SECRETARIA ESPECIAL DE DEFESA DO CIDADÃO;SEGURANÇA PÚBLICA;DEFESA CIVIL;MATERIAL DE CONSUMO;TESOURO;0,00;194,70;194,70
2013;04;75.10.3.3.90.30.14.422.0002.2.048.02.100047;SECRETARIA ESPECIAL DE DEFESA DO CIDADÃO;DIREITOS DA CIDADANIA;DIREITOS INDIVIDUAIS, COLETIVOS E DIFUSOS;MATERIAL DE CONSUMO;TRANSFERENCIAS E CONVENIOS ESTADUAIS - VINCULADOS;357,00;0,00;0,00
2013;04;75.10.3.3.90.32.06.181.0002.2.066.01.110000;SECRETARIA ESPECIAL DE DEFESA DO CIDADÃO;SEGURANÇA PÚBLICA;POLICIAMENTO;MATERIAL, BEM OU SERVIÇO PARA DISTRIBUIÇÃO GRATUITA;TESOURO;10.951,78;11.111,66;11.111,66
2013;04;75.10.3.3.90.36.06.181.0002.2.065.01.110000;SECRETARIA ESPECIAL DE DEFESA DO CIDADÃO;SEGURANÇA PÚBLICA;POLICIAMENTO;OUTROS SERVIÇOS DE TERCEIROS - PESSOA FÍSICA;TESOURO;10.708,41;1.108,41;68.832,10
2013;04;75.10.3.3.90.36.06.182.0003.2.016.01.110000;SECRETARIA ESPECIAL DE DEFESA DO CIDADÃO;SEGURANÇA PÚBLICA;DEFESA CIVIL;OUTROS SERVIÇOS DE TERCEIROS - PESSOA FÍSICA;TESOURO;-440,00;-440,00;-440,00
2013;04;75.10.3.3.90.39.06.181.0002.2.050.01.110000;SECRETARIA ESPECIAL DE DEFESA DO CIDADÃO;SEGURANÇA PÚBLICA;POLICIAMENTO;OUTROS SERVIÇOS DE TERCEIROS -  PESSOA JURÍDICA;TESOURO;0,00;0,00;20.343,90
2013;04;75.10.3.3.90.39.06.181.0002.2.065.01.110000;SECRETARIA ESPECIAL DE DEFESA DO CIDADÃO;SEGURANÇA PÚBLICA;POLICIAMENTO;OUTROS SERVIÇOS DE TERCEIROS -  PESSOA JURÍDICA;TESOURO;181.564,32;101.349,68;106.599,18
2013;04;75.10.3.3.90.39.06.181.0002.2.095.01.110000;SECRETARIA ESPECIAL DE DEFESA DO CIDADÃO;SEGURANÇA PÚBLICA;POLICIAMENTO;OUTROS SERVIÇOS DE TERCEIROS -  PESSOA JURÍDICA;TESOURO;8.979,94;9.635,94;979,94
2013;04;75.10.3.3.90.39.06.181.0002.2.101.01.110000;SECRETARIA ESPECIAL DE DEFESA DO CIDADÃO;SEGURANÇA PÚBLICA;POLICIAMENTO;OUTROS SERVIÇOS DE TERCEIROS -  PESSOA JURÍDICA;TESOURO;350,00;0,00;0,00
2013;04;75.10.3.3.90.39.06.181.0026.2.055.01.110000;SECRETARIA ESPECIAL DE DEFESA DO CIDADÃO;SEGURANÇA PÚBLICA;POLICIAMENTO;OUTROS SERVIÇOS DE TERCEIROS -  PESSOA JURÍDICA;TESOURO;13.234,72;1.000,00;4.120,00
2013;04;75.10.3.3.90.39.06.182.0003.2.016.01.110000;SECRETARIA ESPECIAL DE DEFESA DO CIDADÃO;SEGURANÇA PÚBLICA;DEFESA CIVIL;OUTROS SERVIÇOS DE TERCEIROS -  PESSOA JURÍDICA;TESOURO;2.381,00;3.716,58;3.716,58
2013;04;75.10.3.3.90.39.14.422.0002.2.048.01.110000;SECRETARIA ESPECIAL DE DEFESA DO CIDADÃO;DIREITOS DA CIDADANIA;DIREITOS INDIVIDUAIS, COLETIVOS E DIFUSOS;OUTROS SERVIÇOS DE TERCEIROS -  PESSOA JURÍDICA;TESOURO;0,00;0,00;2.000,00
2013;04;75.10.3.3.90.39.14.422.0002.2.048.02.100047;SECRETARIA ESPECIAL DE DEFESA DO CIDADÃO;DIREITOS DA CIDADANIA;DIREITOS INDIVIDUAIS, COLETIVOS E DIFUSOS;OUTROS SERVIÇOS DE TERCEIROS -  PESSOA JURÍDICA;TRANSFERENCIAS E CONVENIOS ESTADUAIS - VINCULADOS;1.000,00;1.000,00;0,00
2013;04;75.10.3.3.90.39.14.422.0002.2.050.01.110000;SECRETARIA ESPECIAL DE DEFESA DO CIDADÃO;DIREITOS DA CIDADANIA;DIREITOS INDIVIDUAIS, COLETIVOS E DIFUSOS;OUTROS SERVIÇOS DE TERCEIROS -  PESSOA JURÍDICA;TESOURO;0,00;0,00;1.600,00
2013;04;75.10.3.3.90.48.06.181.0002.2.066.01.110000;SECRETARIA ESPECIAL DE DEFESA DO CIDADÃO;SEGURANÇA PÚBLICA;POLICIAMENTO;OUTROS AUXÍLIOS FINANCEIROS A PESSOA FÍSICA;TESOURO;95.440,00;95.440,00;190.880,00
2013;04;80.10.3.1.90.11.04.122.0002.2.002.01.110000;ENCARGOS GERAIS DO MUNICÍPIO;ADMINISTRAÇÃO;ADMINISTRAÇÃO GERAL;VENCIMENTOS E VANTAGENS FIXAS -  PESSOAL CIVIL;TESOURO;914.128,76;914.128,76;1.293.818,35
2013;04;80.10.3.1.90.13.09.271.0027.2.041.01.110000;ENCARGOS GERAIS DO MUNICÍPIO;PREVIDÊNCIA SOCIAL;PREVIDÊNCIA BÁSICA;OBRIGAÇÕES PATRONAIS;TESOURO;230.940,59;230.940,59;230.940,59
2013;04;80.10.3.1.90.16.04.122.0002.2.002.01.110000;ENCARGOS GERAIS DO MUNICÍPIO;ADMINISTRAÇÃO;ADMINISTRAÇÃO GERAL;OUTRAS DESPESAS VARIÁVEIS - PESSOAL CIVIL;TESOURO;172.585,53;172.585,53;242.873,50
2013;04;80.10.3.1.90.91.04.122.0002.0.003.01.110000;ENCARGOS GERAIS DO MUNICÍPIO;ADMINISTRAÇÃO;ADMINISTRAÇÃO GERAL;SENTENÇAS JUDICIAIS;TESOURO;107.259,17;107.259,17;7.259,17
2013;04;80.10.3.1.90.94.04.122.0002.2.002.01.110000;ENCARGOS GERAIS DO MUNICÍPIO;ADMINISTRAÇÃO;ADMINISTRAÇÃO GERAL;INDENIZAÇÕES E RESTITUIÇÕES TRABALHISTAS;TESOURO;75.380,09;75.380,09;118.297,31
2013;04;80.10.3.1.91.13.09.271.0027.2.041.01.110000;ENCARGOS GERAIS DO MUNICÍPIO;PREVIDÊNCIA SOCIAL;PREVIDÊNCIA BÁSICA;OBRIGAÇÕES PATRONAIS - INTRA-ORÇAMENTÁRIO;TESOURO;1.726.656,78;1.726.656,78;1.726.656,78
2013;04;80.10.3.2.90.21.28.843.0013.0.011.01.110000;ENCARGOS GERAIS DO MUNICÍPIO;ENCARGOS ESPECIAIS;SERVIÇO DA DÍVIDA INTERNA;JUROS SOBRE A DÍVIDA POR CONTRATO;TESOURO;0,00;0,00;259.895,77
2013;04;80.10.3.2.90.21.28.843.0013.0.021.01.110000;ENCARGOS GERAIS DO MUNICÍPIO;ENCARGOS ESPECIAIS;SERVIÇO DA DÍVIDA INTERNA;JUROS SOBRE A DÍVIDA POR CONTRATO;TESOURO;0,00;0,00;14.694,60
2013;04;80.10.3.3.90.39.04.122.0002.2.015.01.110000;ENCARGOS GERAIS DO MUNICÍPIO;ADMINISTRAÇÃO;ADMINISTRAÇÃO GERAL;OUTROS SERVIÇOS DE TERCEIROS -  PESSOA JURÍDICA;TESOURO;49.457,65;235.261,14;298.984,93
2013;04;80.10.3.3.90.39.04.122.0002.2.031.01.110000;ENCARGOS GERAIS DO MUNICÍPIO;ADMINISTRAÇÃO;ADMINISTRAÇÃO GERAL;OUTROS SERVIÇOS DE TERCEIROS -  PESSOA JURÍDICA;TESOURO;31,51;51.854,02;2.576.213,18
2013;04;80.10.3.3.90.46.04.122.0002.2.015.01.110000;ENCARGOS GERAIS DO MUNICÍPIO;ADMINISTRAÇÃO;ADMINISTRAÇÃO GERAL;AUXÍLIO ALIMENTAÇÃO;TESOURO;872.636,20;872.636,20;872.387,90
2013;04;80.10.3.3.90.47.04.122.0002.2.002.01.110000;ENCARGOS GERAIS DO MUNICÍPIO;ADMINISTRAÇÃO;ADMINISTRAÇÃO GERAL;OBRIGAÇÕES TRIBUTÁRIAS E CONTRIBUTIVAS;TESOURO;625.742,55;625.742,55;625.742,55
2013;04;80.10.3.3.90.91.04.122.0002.0.003.01.110000;ENCARGOS GERAIS DO MUNICÍPIO;ADMINISTRAÇÃO;ADMINISTRAÇÃO GERAL;SENTENÇAS JUDICIAIS;TESOURO;148.906,36;148.906,36;65.942,88
2013;04;80.10.3.3.90.92.04.122.0002.2.031.01.110000;ENCARGOS GERAIS DO MUNICÍPIO;ADMINISTRAÇÃO;ADMINISTRAÇÃO GERAL;DESPESAS DE EXERCÍCIOS ANTERIORES;TESOURO;6.782,37;6.782,37;6.782,37
2013;04;80.10.3.3.90.93.04.122.0002.2.031.01.110000;ENCARGOS GERAIS DO MUNICÍPIO;ADMINISTRAÇÃO;ADMINISTRAÇÃO GERAL;INDENIZAÇÕES E RESTITUIÇÕES;TESOURO;61.785,43;61.785,43;22.284,28
2013;04;80.10.3.3.90.93.04.122.0002.2.119.01.110000;ENCARGOS GERAIS DO MUNICÍPIO;ADMINISTRAÇÃO;ADMINISTRAÇÃO GERAL;INDENIZAÇÕES E RESTITUIÇÕES;TESOURO;6.413,10;6.413,10;43.361,85
2013;04;80.10.4.6.90.71.28.843.0013.0.011.01.110000;ENCARGOS GERAIS DO MUNICÍPIO;ENCARGOS ESPECIAIS;SERVIÇO DA DÍVIDA INTERNA;PRINCIPAL DA DÍVIDA CONTRATUAL RESGATADA;TESOURO;0,00;0,00;58.013,70
2013;04;80.10.4.6.90.71.28.843.0013.0.021.01.110000;ENCARGOS GERAIS DO MUNICÍPIO;ENCARGOS ESPECIAIS;SERVIÇO DA DÍVIDA INTERNA;PRINCIPAL DA DÍVIDA CONTRATUAL RESGATADA;TESOURO;0,00;0,00;4.935,34
2013;04;85.10.3.1.90.11.18.541.0006.2.008.01.110000;SECRETARIA DE MEIO AMBIENTE;GESTÃO AMBIENTAL;PRESERVAÇÃO E CONSERVAÇÃO AMBIENTAL;VENCIMENTOS E VANTAGENS FIXAS -  PESSOAL CIVIL;TESOURO;190.731,55;190.731,55;330.798,82
2013;04;85.10.3.1.90.16.18.541.0006.2.008.01.110000;SECRETARIA DE MEIO AMBIENTE;GESTÃO AMBIENTAL;PRESERVAÇÃO E CONSERVAÇÃO AMBIENTAL;OUTRAS DESPESAS VARIÁVEIS - PESSOAL CIVIL;TESOURO;12.288,23;12.288,23;24.576,46
2013;04;85.10.3.3.90.14.18.541.0006.2.095.01.110000;SECRETARIA DE MEIO AMBIENTE;GESTÃO AMBIENTAL;PRESERVAÇÃO E CONSERVAÇÃO AMBIENTAL;DIÁRIAS - PESSOAL CIVIL;TESOURO;500,00;500,00;500,00
2013;04;85.10.3.3.90.30.18.541.0006.1.048.01.110000;SECRETARIA DE MEIO AMBIENTE;GESTÃO AMBIENTAL;PRESERVAÇÃO E CONSERVAÇÃO AMBIENTAL;MATERIAL DE CONSUMO;TESOURO;7.101,00;0,00;0,00
2013;04;85.10.3.3.90.30.18.541.0006.2.008.01.110000;SECRETARIA DE MEIO AMBIENTE;GESTÃO AMBIENTAL;PRESERVAÇÃO E CONSERVAÇÃO AMBIENTAL;MATERIAL DE CONSUMO;TESOURO;2.152,38;2.570,08;913,38
2013;04;85.10.3.3.90.33.18.541.0006.2.008.01.110000;SECRETARIA DE MEIO AMBIENTE;GESTÃO AMBIENTAL;PRESERVAÇÃO E CONSERVAÇÃO AMBIENTAL;PASSAGENS E DESPESAS COM LOCOMOÇÃO;TESOURO;4.337,76;2.831,70;2.831,70
2013;04;85.10.3.3.90.35.18.541.0006.2.008.01.110000;SECRETARIA DE MEIO AMBIENTE;GESTÃO AMBIENTAL;PRESERVAÇÃO E CONSERVAÇÃO AMBIENTAL;SERVIÇOS DE CONSULTORIA;TESOURO;0,00;1.500,00;3.000,00
2013;04;85.10.3.3.90.36.18.541.0006.2.008.01.110000;SECRETARIA DE MEIO AMBIENTE;GESTÃO AMBIENTAL;PRESERVAÇÃO E CONSERVAÇÃO AMBIENTAL;OUTROS SERVIÇOS DE TERCEIROS - PESSOA FÍSICA;TESOURO;0,00;0,00;40.293,18
2013;04;85.10.3.3.90.39.18.541.0006.2.008.01.110000;SECRETARIA DE MEIO AMBIENTE;GESTÃO AMBIENTAL;PRESERVAÇÃO E CONSERVAÇÃO AMBIENTAL;OUTROS SERVIÇOS DE TERCEIROS -  PESSOA JURÍDICA;TESOURO;338,00;47.102,00;46.679,67
2013;04;85.10.3.3.90.39.18.541.0006.2.095.01.110000;SECRETARIA DE MEIO AMBIENTE;GESTÃO AMBIENTAL;PRESERVAÇÃO E CONSERVAÇÃO AMBIENTAL;OUTROS SERVIÇOS DE TERCEIROS -  PESSOA JURÍDICA;TESOURO;0,00;0,00;2.000,00
2013;04;90.10.3.1.90.11.04.122.0002.2.004.01.110000;SECRETARIA DE HABITAÇÃO;ADMINISTRAÇÃO;ADMINISTRAÇÃO GERAL;VENCIMENTOS E VANTAGENS FIXAS -  PESSOAL CIVIL;TESOURO;123.240,63;123.240,63;241.765,81
2013;04;90.10.3.1.90.16.04.122.0002.2.004.01.110000;SECRETARIA DE HABITAÇÃO;ADMINISTRAÇÃO;ADMINISTRAÇÃO GERAL;OUTRAS DESPESAS VARIÁVEIS - PESSOAL CIVIL;TESOURO;96,48;96,48;192,72
2013;04;90.10.3.3.90.30.04.122.0002.2.095.01.110000;SECRETARIA DE HABITAÇÃO;ADMINISTRAÇÃO;ADMINISTRAÇÃO GERAL;MATERIAL DE CONSUMO;TESOURO;2.700,00;0,00;611,00
2013;04;90.10.3.3.90.39.04.122.0002.2.004.01.110000;SECRETARIA DE HABITAÇÃO;ADMINISTRAÇÃO;ADMINISTRAÇÃO GERAL;OUTROS SERVIÇOS DE TERCEIROS -  PESSOA JURÍDICA;TESOURO;600,00;8.623,22;11.376,78
2013;04;90.10.3.3.90.39.04.122.0002.2.095.01.110000;SECRETARIA DE HABITAÇÃO;ADMINISTRAÇÃO;ADMINISTRAÇÃO GERAL;OUTROS SERVIÇOS DE TERCEIROS -  PESSOA JURÍDICA;TESOURO;-15,05;-15,05;-15,05
2013;04;90.10.3.3.90.39.16.482.0008.2.045.01.110000;SECRETARIA DE HABITAÇÃO;HABITAÇÃO;HABITAÇÃO URBANA;OUTROS SERVIÇOS DE TERCEIROS -  PESSOA JURÍDICA;TESOURO;14.914,40;184.529,40;175.771,00
2013;04;90.10.4.4.90.51.16.451.0008.1.055.07.100003;SECRETARIA DE HABITAÇÃO;HABITAÇÃO;INFRA-ESTRUTURA URBANA;OBRAS E INSTALAÇÕES;OPERAÇÕES DE CREDITO;0,00;86.679,17;225.786,79
2013;04;91.10.3.1.90.11.11.332.0033.2.078.01.110000;SECRETARIA DE RELAÇÕES DE TRABALHO;TRABALHO;RELAÇÕES DE TRABALHO;VENCIMENTOS E VANTAGENS FIXAS -  PESSOAL CIVIL;TESOURO;32.131,89;32.131,89;62.611,98
2013;04;91.10.3.1.90.16.11.332.0033.2.078.01.110000;SECRETARIA DE RELAÇÕES DE TRABALHO;TRABALHO;RELAÇÕES DE TRABALHO;OUTRAS DESPESAS VARIÁVEIS - PESSOAL CIVIL;TESOURO;5.387,66;5.387,66;10.775,32
2013;04;91.10.3.3.90.36.11.332.0033.2.078.01.110000;SECRETARIA DE RELAÇÕES DE TRABALHO;TRABALHO;RELAÇÕES DE TRABALHO;OUTROS SERVIÇOS DE TERCEIROS - PESSOA FÍSICA;TESOURO;5.271,06;5.271,06;27.955,01
2013;04;91.10.3.3.90.39.11.122.0033.2.050.01.110000;SECRETARIA DE RELAÇÕES DE TRABALHO;TRABALHO;ADMINISTRAÇÃO GERAL;OUTROS SERVIÇOS DE TERCEIROS -  PESSOA JURÍDICA;TESOURO;0,00;0,00;13.234,00
2013;04;91.10.3.3.90.39.11.332.0033.2.078.01.110000;SECRETARIA DE RELAÇÕES DE TRABALHO;TRABALHO;RELAÇÕES DE TRABALHO;OUTROS SERVIÇOS DE TERCEIROS -  PESSOA JURÍDICA;TESOURO;20.210,00;16.774,00;17.374,00
2013;04;91.10.3.3.90.39.11.332.0033.2.095.01.110000;SECRETARIA DE RELAÇÕES DE TRABALHO;TRABALHO;RELAÇÕES DE TRABALHO;OUTROS SERVIÇOS DE TERCEIROS -  PESSOA JURÍDICA;TESOURO;-225,46;-225,46;-225,46
2013;04;91.10.3.3.90.39.11.333.0035.2.082.01.110000;SECRETARIA DE RELAÇÕES DE TRABALHO;TRABALHO;EMPREGABILIDADE;OUTROS SERVIÇOS DE TERCEIROS -  PESSOA JURÍDICA;TESOURO;0,00;11.145,83;11.145,83
2013;04;92.10.3.1.90.11.27.813.0034.2.079.01.110000;SECRETARIA DE PROMOÇÃO DA CIDADANIA;DESPORTO E LAZER;LAZER;VENCIMENTOS E VANTAGENS FIXAS -  PESSOAL CIVIL;TESOURO;84.817,80;84.817,80;144.063,45
2013;04;92.10.3.3.90.30.08.244.0034.2.109.01.110000;SECRETARIA DE PROMOÇÃO DA CIDADANIA;ASSISTÊNCIA SOCIAL;ASSISTÊNCIA COMUNITÁRIA;MATERIAL DE CONSUMO;TESOURO;1.581,75;0,00;0,00
2013;04;92.10.3.3.90.36.08.244.0034.2.080.01.110000;SECRETARIA DE PROMOÇÃO DA CIDADANIA;ASSISTÊNCIA SOCIAL;ASSISTÊNCIA COMUNITÁRIA;OUTROS SERVIÇOS DE TERCEIROS - PESSOA FÍSICA;TESOURO;2.000,00;0,00;0,00
2013;04;92.10.3.3.90.36.08.244.0034.2.109.01.110000;SECRETARIA DE PROMOÇÃO DA CIDADANIA;ASSISTÊNCIA SOCIAL;ASSISTÊNCIA COMUNITÁRIA;OUTROS SERVIÇOS DE TERCEIROS - PESSOA FÍSICA;TESOURO;0,00;0,00;11.037,40
2013;04;92.10.3.3.90.39.08.244.0029.2.093.01.110000;SECRETARIA DE PROMOÇÃO DA CIDADANIA;ASSISTÊNCIA SOCIAL;ASSISTÊNCIA COMUNITÁRIA;OUTROS SERVIÇOS DE TERCEIROS -  PESSOA JURÍDICA;TESOURO;7.673,28;2.003,28;0,00
2013;04;92.10.3.3.90.39.08.244.0034.2.080.01.110000;SECRETARIA DE PROMOÇÃO DA CIDADANIA;ASSISTÊNCIA SOCIAL;ASSISTÊNCIA COMUNITÁRIA;OUTROS SERVIÇOS DE TERCEIROS -  PESSOA JURÍDICA;TESOURO;400,00;400,00;0,00
2013;04;92.10.3.3.90.39.08.244.0034.2.095.01.110000;SECRETARIA DE PROMOÇÃO DA CIDADANIA;ASSISTÊNCIA SOCIAL;ASSISTÊNCIA COMUNITÁRIA;OUTROS SERVIÇOS DE TERCEIROS -  PESSOA JURÍDICA;TESOURO;2.000,00;2.000,00;2.000,00
2013;04;92.10.3.3.90.39.08.244.0034.2.109.01.110000;SECRETARIA DE PROMOÇÃO DA CIDADANIA;ASSISTÊNCIA SOCIAL;ASSISTÊNCIA COMUNITÁRIA;OUTROS SERVIÇOS DE TERCEIROS -  PESSOA JURÍDICA;TESOURO;740,00;71.977,42;71.977,42
2013;04;92.10.4.4.90.52.08.244.0034.2.109.01.110000;SECRETARIA DE PROMOÇÃO DA CIDADANIA;ASSISTÊNCIA SOCIAL;ASSISTÊNCIA COMUNITÁRIA;EQUIPAMENTOS E MATERIAL PERMANENTE;TESOURO;3.200,00;666,00;666,00
2013;04;93.10.3.1.90.11.16.482.0038.2.122.01.110000;SECRETARIA DE REGULARIZAÇÃO FUNDIÁRIA;HABITAÇÃO;HABITAÇÃO URBANA;VENCIMENTOS E VANTAGENS FIXAS -  PESSOAL CIVIL;TESOURO;16.598,98;16.598,98;27.697,97
2013;04;93.10.3.3.90.39.16.482.0038.2.122.01.110000;SECRETARIA DE REGULARIZAÇÃO FUNDIÁRIA;HABITAÇÃO;HABITAÇÃO URBANA;OUTROS SERVIÇOS DE TERCEIROS -  PESSOA JURÍDICA;TESOURO;19.304,29;0,00;0,00
2013;04;94.10.3.3.90.36.23.695.0025.2.123.01.110000;SECRETARIA DE TURISMO;COMÉRCIO E SERVIÇOS;TURISMO;OUTROS SERVIÇOS DE TERCEIROS - PESSOA FÍSICA;TESOURO;399,50;399,50;0,00